id,productor_clima,fecha,descargado_en,temp_max_c,temp_min_c,temp_avg_c,lluvia_mm,prob_lluvia_pct,et0_mm,rad_solar_mjm2,hum_avg_pct,viento_max_kmh
1,Jose Gregorio Balza,2026-03-20,2026-03-20 14:45:56.720885+00,35.2,24.8,30,0,0,7.11,25.43,49,24.4
2,Jose Gregorio Balza,2026-03-21,2026-03-20 14:45:56.720885+00,36.2,25.1,30.4,0,0,7.77,26.32,44,24.4
3,Jose Gregorio Balza,2026-03-22,2026-03-20 14:45:56.720885+00,36.5,24.8,30.6,0,0,7.91,24.32,42,23.4
4,Jose Gregorio Balza,2026-03-23,2026-03-20 14:45:56.720885+00,36.7,24.4,30.6,0,0,8.81,27.07,38,20.8
5,Jose Gregorio Balza,2026-03-24,2026-03-20 14:45:56.720885+00,37,24.7,30.7,0,0,8.28,26.16,43,24.8
6,Jose Gregorio Balza,2026-03-25,2026-03-20 14:45:56.720885+00,37.1,25.5,31.1,0,1,7.96,25.11,49,26
7,Jose Gregorio Balza,2026-03-26,2026-03-20 14:45:56.720885+00,37.2,26.1,31.2,0,3,8.18,25.19,49,25.1
8,Jose Gregorio Balza,2026-03-27,2026-03-20 14:45:56.720885+00,35.3,25.8,30.2,0,10,6.92,20.91,49,21.6
9,Jose Gregorio Balza,2026-03-28,2026-03-20 14:45:56.720885+00,36.8,26,30.9,0,23,7.02,21.43,48,18.4
10,Jose Gregorio Balza,2026-03-29,2026-03-20 14:45:56.720885+00,35.5,25.5,30.2,0,16,6.63,19.59,49,19.4
11,Jose Gregorio Balza,2026-03-30,2026-03-20 14:45:56.720885+00,36.8,25.4,30.5,0,13,7.2,21.93,46,18.6
12,Jose Gregorio Balza,2026-03-31,2026-03-20 14:45:56.720885+00,33.8,25.5,29.7,0,10,5.62,17.44,49,16.8
13,Jose Gregorio Balza,2026-04-01,2026-03-20 14:45:56.720885+00,34.6,23.6,29.4,0,11,5.53,18.14,50,16.5
14,Jose Gregorio Balza,2026-04-02,2026-03-20 14:45:56.720885+00,34.3,23.8,29.6,0,19,5.06,18.6,50,15.3
15,Jose Gregorio Balza,2026-04-03,2026-03-20 14:45:56.720885+00,34.5,25.6,30.3,0.3,25,5.03,16.08,51,16.6
16,Jose Gregorio Balza,2026-04-04,2026-03-20 14:45:56.720885+00,34.5,26.9,30.7,0.9,32,5.69,19.43,53,17.8
17,Luis Rojas,2026-03-20,2026-03-20 14:45:58.608406+00,32.1,25.7,28.1,0.4,55,4.08,15.45,60,10.8
18,Luis Rojas,2026-03-21,2026-03-20 14:45:58.608406+00,34.1,23.2,28.6,0,13,5.41,21.85,57,14.4
19,Luis Rojas,2026-03-22,2026-03-20 14:45:58.608406+00,34.8,25,30.3,0,8,5.82,20.5,48,15.5
20,Luis Rojas,2026-03-23,2026-03-20 14:45:58.608406+00,35.9,24.4,30.3,0,0,6.79,23.22,45,15
21,Luis Rojas,2026-03-24,2026-03-20 14:45:58.608406+00,36.1,25.4,30.6,0,0,6.98,24.3,42,16.7
22,Luis Rojas,2026-03-25,2026-03-20 14:45:58.608406+00,36,26.5,30.4,0,4,6.57,24.6,45,15.2
23,Luis Rojas,2026-03-26,2026-03-20 14:45:58.608406+00,35.3,27.1,30.3,0,19,5.57,19.18,48,14.1
24,Luis Rojas,2026-03-27,2026-03-20 14:45:58.608406+00,35.2,26.4,30,0,26,5.29,17.85,49,13.3
25,Luis Rojas,2026-03-28,2026-03-20 14:45:58.608406+00,36.9,24.9,29.5,0,30,4.87,17.14,54,17.9
26,Luis Rojas,2026-03-29,2026-03-20 14:45:58.608406+00,37.1,24.4,29.6,0,42,6,21.53,52,16.8
27,Luis Rojas,2026-03-30,2026-03-20 14:45:58.608406+00,34.9,25,29,0,23,4.95,17.3,54,15.5
28,Luis Rojas,2026-03-31,2026-03-20 14:45:58.608406+00,33.2,23.8,27.6,0.9,19,3.01,9.22,59,13.9
29,Luis Rojas,2026-04-01,2026-03-20 14:45:58.608406+00,33.2,23.5,27.9,0.6,16,4.51,16.82,57,9.8
30,Luis Rojas,2026-04-02,2026-03-20 14:45:58.608406+00,31.5,23.4,27.2,0.6,26,3.86,15.01,63,10.8
31,Luis Rojas,2026-04-03,2026-03-20 14:45:58.608406+00,33.4,23.9,27.8,2.7,33,4.16,18.67,62,7.4
32,Luis Rojas,2026-04-04,2026-03-20 14:45:58.608406+00,31.1,24.7,27.3,3.3,40,3.66,16.65,71,7.9
33,Oscar Murillo Zerpa,2026-03-20,2026-03-20 14:46:00.268886+00,33.1,21.8,26.4,0,0,5.92,23.61,61,19.7
34,Oscar Murillo Zerpa,2026-03-21,2026-03-20 14:46:00.268886+00,34.8,21.3,26.8,0,0,6.46,25.71,58,22
35,Oscar Murillo Zerpa,2026-03-22,2026-03-20 14:46:00.268886+00,33.9,22.6,26.7,0,0,6.71,26.07,59,21.7
36,Oscar Murillo Zerpa,2026-03-23,2026-03-20 14:46:00.268886+00,33.1,22.2,26.3,0,0,7.01,26.91,58,21
37,Oscar Murillo Zerpa,2026-03-24,2026-03-20 14:46:00.268886+00,34.7,23.2,27.3,0,0,6.26,23.03,62,23.9
38,Oscar Murillo Zerpa,2026-03-25,2026-03-20 14:46:00.268886+00,34.7,24.2,27.6,0,0,5.73,21.17,66,26.9
39,Oscar Murillo Zerpa,2026-03-26,2026-03-20 14:46:00.268886+00,34.9,23.6,27.4,0,0,5.92,21.47,62,27.1
40,Oscar Murillo Zerpa,2026-03-27,2026-03-20 14:46:00.268886+00,31.5,22.6,25.9,0,22,4.54,18.6,69,17.7
41,Oscar Murillo Zerpa,2026-03-28,2026-03-20 14:46:00.268886+00,32,22,25.5,0,27,4.54,20.21,74,17.1
42,Oscar Murillo Zerpa,2026-03-29,2026-03-20 14:46:00.268886+00,30.5,22.2,24.9,0,23,3.96,17.18,74,14.5
43,Oscar Murillo Zerpa,2026-03-30,2026-03-20 14:46:00.268886+00,31.7,22,25.2,0,26,4.8,21.38,73,17.6
44,Oscar Murillo Zerpa,2026-03-31,2026-03-20 14:46:00.268886+00,31.4,22.1,24.9,0,19,4.72,21.01,72,16.7
45,Oscar Murillo Zerpa,2026-04-01,2026-03-20 14:46:00.268886+00,31.5,21.4,24.7,0,26,3.8,16.44,74,14.1
46,Oscar Murillo Zerpa,2026-04-02,2026-03-20 14:46:00.268886+00,36.3,20.1,25.5,0,26,4.61,20.62,74,13.4
47,Oscar Murillo Zerpa,2026-04-03,2026-03-20 14:46:00.268886+00,32.5,22.3,26.7,0,27,4.23,17.46,69,13.3
48,Oscar Murillo Zerpa,2026-04-04,2026-03-20 14:46:00.268886+00,32.5,22.6,27.2,0,29,4.63,18.13,65,18.2
49,Milko Pagliarella,2026-03-20,2026-03-20 14:46:01.932381+00,33.8,26.1,29.5,0,28,5.33,16.7,54,16
50,Milko Pagliarella,2026-03-21,2026-03-20 14:46:01.932381+00,36.2,25.3,30.3,0,3,6.72,21.64,50,22.7
51,Milko Pagliarella,2026-03-22,2026-03-20 14:46:01.932381+00,36.5,26.1,31.1,0,3,7.8,22.93,42,22.7
52,Milko Pagliarella,2026-03-23,2026-03-20 14:46:01.932381+00,37.3,25.2,30.9,0,0,8.47,24.32,39,23.7
53,Milko Pagliarella,2026-03-24,2026-03-20 14:46:01.932381+00,37.6,25.5,30.9,0,0,8.36,24.59,41,26.4
54,Milko Pagliarella,2026-03-25,2026-03-20 14:46:01.932381+00,37.7,26.8,31.4,0,2,7.2,24.92,45,22.6
55,Milko Pagliarella,2026-03-26,2026-03-20 14:46:01.932381+00,36.8,27.3,31.1,0,8,6.51,20.21,50,23.5
56,Milko Pagliarella,2026-03-27,2026-03-20 14:46:01.932381+00,37.2,26,30.8,0,19,6.42,21.28,47,23.6
57,Milko Pagliarella,2026-03-28,2026-03-20 14:46:01.932381+00,36.6,24.6,29.5,0,32,5.72,18.99,54,22.2
58,Milko Pagliarella,2026-03-29,2026-03-20 14:46:01.932381+00,38.1,24,30.2,0,29,6.52,22.43,50,18.9
59,Milko Pagliarella,2026-03-30,2026-03-20 14:46:01.932381+00,37.1,24.5,29.6,0,23,5.87,19.85,53,19.5
60,Milko Pagliarella,2026-03-31,2026-03-20 14:46:01.932381+00,35.8,24.1,28,1.5,19,3.88,12.41,59,17.7
61,Milko Pagliarella,2026-04-01,2026-03-20 14:46:01.932381+00,35.4,23.3,28.6,0.3,16,4.98,16.96,54,16
62,Milko Pagliarella,2026-04-02,2026-03-20 14:46:01.932381+00,33.5,23.5,28,0.6,26,4.91,17.99,59,14.6
63,Milko Pagliarella,2026-04-03,2026-03-20 14:46:01.932381+00,34.3,22.9,27.9,3,33,3.89,16.7,65,9.7
64,Milko Pagliarella,2026-04-04,2026-03-20 14:46:01.932381+00,32.1,23.6,27.5,3.6,40,2.78,10.85,71,8.2
65,Daniel Vanella,2026-03-20,2026-03-20 14:46:03.619278+00,33.5,23.5,27.6,0,5,5.37,19.29,54,17.4
66,Daniel Vanella,2026-03-21,2026-03-20 14:46:03.619278+00,35.8,23.5,28.7,0,0,7.1,24.6,42,22.3
67,Daniel Vanella,2026-03-22,2026-03-20 14:46:03.619278+00,35.1,24.5,28.8,0,0,6.96,21.64,42,23.8
68,Daniel Vanella,2026-03-23,2026-03-20 14:46:03.619278+00,36.1,23.2,28.4,0,0,7.7,24.78,42,20.7
69,Daniel Vanella,2026-03-24,2026-03-20 14:46:03.619278+00,36.5,23.5,28.7,0,0,7.21,24.99,46,21
70,Daniel Vanella,2026-03-25,2026-03-20 14:46:03.619278+00,36.1,24.7,29.1,0,1,6.25,21.72,51,19.9
71,Daniel Vanella,2026-03-26,2026-03-20 14:46:03.619278+00,35,25.2,29,0,28,5.64,19.39,53,18.4
72,Daniel Vanella,2026-03-27,2026-03-20 14:46:03.619278+00,35.2,22.4,27.9,0,36,5.82,21.8,56,16.2
73,Daniel Vanella,2026-03-28,2026-03-20 14:46:03.619278+00,35.8,20.9,26.6,0,46,5.71,23.75,65,15
74,Daniel Vanella,2026-03-29,2026-03-20 14:46:03.619278+00,35.4,20.7,26.6,0,45,5.43,22.13,64,14.5
75,Daniel Vanella,2026-03-30,2026-03-20 14:46:03.619278+00,33.9,20.9,26.4,0,41,4.7,18.84,64,13.2
76,Daniel Vanella,2026-03-31,2026-03-20 14:46:03.619278+00,30.7,21.2,25.2,0.3,58,3.07,12.18,67,9.9
77,Daniel Vanella,2026-04-01,2026-03-20 14:46:03.619278+00,34.9,21.1,25.1,0,44,3.1,11.94,66,10.2
78,Daniel Vanella,2026-04-02,2026-03-20 14:46:03.619278+00,30.9,19.8,25.5,0.3,71,4.12,18.06,65,10.8
79,Daniel Vanella,2026-04-03,2026-03-20 14:46:03.619278+00,32.3,21.8,26.2,3.3,76,3.96,17.44,66,8.5
80,Daniel Vanella,2026-04-04,2026-03-20 14:46:03.619278+00,30,24.9,27.2,1.5,79,3.7,15.11,63,15.6
81,Dennis Alibardi,2026-03-20,2026-03-20 14:46:05.256391+00,32.1,25.8,28.2,0.4,55,4.08,15.45,60,10.8
82,Dennis Alibardi,2026-03-21,2026-03-20 14:46:05.256391+00,34.1,23.3,28.7,0,13,5.41,21.85,57,14.4
83,Dennis Alibardi,2026-03-22,2026-03-20 14:46:05.256391+00,34.9,25,30.4,0,8,5.83,20.5,48,15.5
84,Dennis Alibardi,2026-03-23,2026-03-20 14:46:05.256391+00,35.9,24.4,30.3,0,0,6.8,23.22,45,15
85,Dennis Alibardi,2026-03-24,2026-03-20 14:46:05.256391+00,36.1,25.4,30.6,0,0,6.99,24.3,42,16.7
86,Dennis Alibardi,2026-03-25,2026-03-20 14:46:05.256391+00,36.1,26.6,30.5,0,4,6.58,24.6,45,15.2
87,Dennis Alibardi,2026-03-26,2026-03-20 14:46:05.256391+00,35.3,27.1,30.3,0,19,5.58,19.18,48,14.1
88,Dennis Alibardi,2026-03-27,2026-03-20 14:46:05.256391+00,36.8,25.5,30.6,0,26,5.91,21.65,47,13.3
89,Dennis Alibardi,2026-03-28,2026-03-20 14:46:05.256391+00,37.8,24.1,29.2,0,30,5.58,20.26,55,22
90,Dennis Alibardi,2026-03-29,2026-03-20 14:46:05.256391+00,38.2,23.6,29.3,0,42,6.48,23.53,54,19.1
91,Dennis Alibardi,2026-03-30,2026-03-20 14:46:05.256391+00,35,24.2,28.6,0,23,5.09,16.89,56,19.4
92,Dennis Alibardi,2026-03-31,2026-03-20 14:46:05.256391+00,33.1,23.8,27.4,0.9,19,4.13,12.78,59,17.3
93,Dennis Alibardi,2026-04-01,2026-03-20 14:46:05.256391+00,35.2,23.4,28.2,0,16,5.06,17.92,55,15.8
94,Dennis Alibardi,2026-04-02,2026-03-20 14:46:05.256391+00,32.5,23.3,27.5,0.6,26,4.31,15.43,60,13.8
95,Dennis Alibardi,2026-04-03,2026-03-20 14:46:05.256391+00,33.9,22.6,27.4,1.2,33,3.8,16.06,65,10.4
96,Dennis Alibardi,2026-04-04,2026-03-20 14:46:05.256391+00,32,23.3,27.5,3,40,3.51,14.94,69,9.4
97,Marbellis Arias,2026-03-20,2026-03-20 14:46:06.90557+00,33.1,26.4,29.2,0.2,23,4.36,18.47,61,10
98,Marbellis Arias,2026-03-21,2026-03-20 14:46:06.90557+00,35.1,24.4,29.5,0,3,4.93,22.22,57,5.8
99,Marbellis Arias,2026-03-22,2026-03-20 14:46:06.90557+00,35.8,25.6,30.3,0,3,4.9,20.4,53,9.4
100,Marbellis Arias,2026-03-23,2026-03-20 14:46:06.90557+00,36.9,25.7,30.7,0,0,5.67,22.64,48,10.8
101,Marbellis Arias,2026-03-24,2026-03-20 14:46:06.90557+00,36.5,26.1,30.8,0,1,5.2,20.88,46,8.3
102,Marbellis Arias,2026-03-25,2026-03-20 14:46:06.90557+00,36.6,25.6,30.5,0,3,5.75,23.35,51,14.8
103,Marbellis Arias,2026-03-26,2026-03-20 14:46:06.90557+00,36.4,26.2,30.4,0,15,5.31,19.85,51,15.2
104,Marbellis Arias,2026-03-27,2026-03-20 14:46:06.90557+00,33.9,26.1,29.5,0,31,4.07,15.64,51,9.3
105,Marbellis Arias,2026-03-28,2026-03-20 14:46:06.90557+00,35.3,26.1,29.8,0,40,3.96,13.99,48,10
106,Marbellis Arias,2026-03-29,2026-03-20 14:46:06.90557+00,36.5,25.1,29.9,0,39,3.84,14.47,49,6.9
107,Marbellis Arias,2026-03-30,2026-03-20 14:46:06.90557+00,35.5,25,30,0,26,4.2,16.15,49,6.6
108,Marbellis Arias,2026-03-31,2026-03-20 14:46:06.90557+00,33.6,25.1,28,0.3,26,2.61,8.83,57,9.2
109,Marbellis Arias,2026-04-01,2026-03-20 14:46:06.90557+00,33.7,22.4,27.4,1.2,26,4.01,17.9,63,9.7
110,Marbellis Arias,2026-04-02,2026-03-20 14:46:06.90557+00,28.1,22.7,25.2,3,39,2.19,8.82,75,7.5
111,Marbellis Arias,2026-04-03,2026-03-20 14:46:06.90557+00,32.5,22.3,26.4,0.6,39,2.83,12.87,67,6.6
112,Marbellis Arias,2026-04-04,2026-03-20 14:46:06.90557+00,33.9,24.4,28.6,4.5,52,5.51,25.02,63,8.5
113,Williams Salazar,2026-03-20,2026-03-20 14:46:08.605685+00,32,25.6,28.1,0.4,55,4.07,15.45,60,10.8
114,Williams Salazar,2026-03-21,2026-03-20 14:46:08.605685+00,34,23.1,28.5,0,13,5.4,21.85,57,14.4
115,Williams Salazar,2026-03-22,2026-03-20 14:46:08.605685+00,34.7,24.9,30.2,0,8,5.81,20.5,48,15.5
116,Williams Salazar,2026-03-23,2026-03-20 14:46:08.605685+00,35.8,24.3,30.2,0,0,6.78,23.22,45,15
117,Williams Salazar,2026-03-24,2026-03-20 14:46:08.605685+00,36,25.3,30.5,0,0,6.97,24.3,42,16.7
118,Williams Salazar,2026-03-25,2026-03-20 14:46:08.605685+00,35.9,26.4,30.4,0,4,6.56,24.6,45,15.2
119,Williams Salazar,2026-03-26,2026-03-20 14:46:08.605685+00,35.2,27,30.2,0,19,5.56,19.18,48,14.1
120,Williams Salazar,2026-03-27,2026-03-20 14:46:08.605685+00,35.2,26.3,29.9,0,26,5.28,17.85,49,13.3
121,Williams Salazar,2026-03-28,2026-03-20 14:46:08.605685+00,36.9,24.9,29.4,0,30,4.86,17.14,54,17.9
122,Williams Salazar,2026-03-29,2026-03-20 14:46:08.605685+00,37.1,24.4,29.5,0,42,5.99,21.53,52,16.8
123,Williams Salazar,2026-03-30,2026-03-20 14:46:08.605685+00,34.9,25,28.9,0,23,4.94,17.3,54,15.5
124,Williams Salazar,2026-03-31,2026-03-20 14:46:08.605685+00,33.2,23.8,27.5,0.9,19,3.01,9.22,59,13.9
125,Williams Salazar,2026-04-01,2026-03-20 14:46:08.605685+00,33.2,23.4,27.9,0.6,16,4.51,16.82,57,9.8
126,Williams Salazar,2026-04-02,2026-03-20 14:46:08.605685+00,31.5,23.4,27.2,0.6,26,3.85,15.01,63,10.8
127,Williams Salazar,2026-04-03,2026-03-20 14:46:08.605685+00,33.3,23.9,27.7,2.7,33,4.15,18.67,62,7.4
128,Williams Salazar,2026-04-04,2026-03-20 14:46:08.605685+00,31.1,24.7,27.2,3.3,40,3.66,16.65,71,7.9
129,Sebastian Bonet,2026-03-20,2026-03-20 14:46:10.267789+00,30.7,24.6,27.1,0,65,3.61,15.52,64,9.2
130,Sebastian Bonet,2026-03-21,2026-03-20 14:46:10.267789+00,33.1,21.8,27.4,0,5,4.81,21.19,59,10.5
131,Sebastian Bonet,2026-03-22,2026-03-20 14:46:10.267789+00,34,24.4,28.7,0,10,4.46,17.25,54,11.5
132,Sebastian Bonet,2026-03-23,2026-03-20 14:46:10.267789+00,34.7,22.6,28.6,0,0,5.46,22,52,9.8
133,Sebastian Bonet,2026-03-24,2026-03-20 14:46:10.267789+00,35.2,24,29.2,0,0,5.39,21.54,48,8.9
134,Sebastian Bonet,2026-03-25,2026-03-20 14:46:10.267789+00,35.1,23.4,29,0,3,5.62,22.04,49,13.2
135,Sebastian Bonet,2026-03-26,2026-03-20 14:46:10.267789+00,34.7,24.4,28.5,0,15,4.78,18.98,53,9.4
136,Sebastian Bonet,2026-03-27,2026-03-20 14:46:10.267789+00,34.1,24.7,28.8,0,30,3.97,14.51,52,8
137,Sebastian Bonet,2026-03-28,2026-03-20 14:46:10.267789+00,35.7,26.6,30.1,0,43,4.18,15.75,47,7.8
138,Sebastian Bonet,2026-03-29,2026-03-20 14:46:10.267789+00,36.9,24.8,30.5,0,44,4.35,17.82,48,6.5
139,Sebastian Bonet,2026-03-30,2026-03-20 14:46:10.267789+00,34.5,25.6,29.2,0.3,56,3.5,13.54,53,7.8
140,Sebastian Bonet,2026-03-31,2026-03-20 14:46:10.267789+00,34.6,24.8,27.8,1.5,56,3.98,16.07,60,7.7
141,Sebastian Bonet,2026-04-01,2026-03-20 14:46:10.267789+00,35.6,22.9,27.8,0.6,66,4.14,17.9,60,9.7
142,Sebastian Bonet,2026-04-02,2026-03-20 14:46:10.267789+00,29.9,23.6,26.1,1.8,62,3.32,14.88,71,7.9
143,Sebastian Bonet,2026-04-03,2026-03-20 14:46:10.267789+00,32.4,22.7,26.1,3,68,2.69,12.38,69,6.7
144,Sebastian Bonet,2026-04-04,2026-03-20 14:46:10.267789+00,32.9,23.7,27.2,3.6,79,4.17,19.82,71,6.3
145,Venturino Cicconetti,2026-03-20,2026-03-20 14:46:12.025239+00,34.4,26.9,30.1,0,15,5.59,20.33,53,15.8
146,Venturino Cicconetti,2026-03-21,2026-03-20 14:46:12.025239+00,35.8,25.1,30.5,0,0,6.36,23.84,51,14.9
147,Venturino Cicconetti,2026-03-22,2026-03-20 14:46:12.025239+00,36.5,27,31.5,0,0,6.96,22.7,42,16.6
148,Venturino Cicconetti,2026-03-23,2026-03-20 14:46:12.025239+00,37,25.9,31.3,0,0,7.53,24.26,40,17.7
149,Venturino Cicconetti,2026-03-24,2026-03-20 14:46:12.025239+00,37.1,25.9,31.3,0,0,7.46,24.94,41,16.7
150,Venturino Cicconetti,2026-03-25,2026-03-20 14:46:12.025239+00,37.4,26.8,31.4,0,0,6.72,23.43,45,18.1
151,Venturino Cicconetti,2026-03-26,2026-03-20 14:46:12.025239+00,37.3,27.4,31.7,0,12,6.38,21.13,48,17.4
152,Venturino Cicconetti,2026-03-27,2026-03-20 14:46:12.025239+00,36.1,26.7,30.8,0,20,5.94,19.16,46,17
153,Venturino Cicconetti,2026-03-28,2026-03-20 14:46:12.025239+00,36.4,25.5,30.4,0,32,5.57,18.78,49,15.3
154,Venturino Cicconetti,2026-03-29,2026-03-20 14:46:12.025239+00,38.5,25.1,31.2,0,24,6.14,21.97,47,16.1
155,Venturino Cicconetti,2026-03-30,2026-03-20 14:46:12.025239+00,35.6,25.8,30.1,0.3,26,5.3,17.81,49,14.3
156,Venturino Cicconetti,2026-03-31,2026-03-20 14:46:12.025239+00,34.3,24.7,28.5,1.2,26,4.01,13.59,57,15
157,Venturino Cicconetti,2026-04-01,2026-03-20 14:46:12.025239+00,33.7,24.2,28.3,0.9,26,4.55,18.54,58,10.2
158,Venturino Cicconetti,2026-04-02,2026-03-20 14:46:12.025239+00,31.2,23,27,1.8,39,3.25,13.38,66,8.3
159,Venturino Cicconetti,2026-04-03,2026-03-20 14:46:12.025239+00,33.6,22.6,27.3,3,39,3.65,15.17,69,8.6
160,Venturino Cicconetti,2026-04-04,2026-03-20 14:46:12.025239+00,33.7,24.3,28,1.8,52,3.28,13.8,69,7.2
161,Juan Castro,2026-03-20,2026-03-20 14:46:13.858698+00,32.1,25.7,28.1,0.4,55,4.08,15.45,60,10.8
162,Juan Castro,2026-03-21,2026-03-20 14:46:13.858698+00,34.1,23.2,28.6,0,13,5.41,21.85,57,14.4
163,Juan Castro,2026-03-22,2026-03-20 14:46:13.858698+00,34.8,25,30.3,0,8,5.82,20.5,48,15.5
164,Juan Castro,2026-03-23,2026-03-20 14:46:13.858698+00,35.9,24.4,30.3,0,0,6.79,23.22,45,15
165,Juan Castro,2026-03-24,2026-03-20 14:46:13.858698+00,36.1,25.4,30.5,0,0,6.98,24.3,42,16.7
166,Juan Castro,2026-03-25,2026-03-20 14:46:13.858698+00,36,26.5,30.4,0,4,6.57,24.6,45,15.2
167,Juan Castro,2026-03-26,2026-03-20 14:46:13.858698+00,35.3,27.1,30.3,0,19,5.57,19.18,48,14.1
168,Juan Castro,2026-03-27,2026-03-20 14:46:13.858698+00,35.2,26.3,30,0,26,5.29,17.85,49,13.3
169,Juan Castro,2026-03-28,2026-03-20 14:46:13.858698+00,36.9,24.9,29.5,0,30,4.87,17.14,54,17.9
170,Juan Castro,2026-03-29,2026-03-20 14:46:13.858698+00,37.1,24.4,29.5,0,42,6,21.53,52,16.8
171,Juan Castro,2026-03-30,2026-03-20 14:46:13.858698+00,34.9,25,29,0,23,4.95,17.3,54,15.5
172,Juan Castro,2026-03-31,2026-03-20 14:46:13.858698+00,33.2,23.8,27.5,0.9,19,3.01,9.22,59,13.9
173,Juan Castro,2026-04-01,2026-03-20 14:46:13.858698+00,33.2,23.5,27.9,0.6,16,4.51,16.82,57,9.8
174,Juan Castro,2026-04-02,2026-03-20 14:46:13.858698+00,31.5,23.4,27.2,0.6,26,3.85,15.01,63,10.8
175,Juan Castro,2026-04-03,2026-03-20 14:46:13.858698+00,33.4,23.9,27.8,2.7,33,4.16,18.67,62,7.4
176,Juan Castro,2026-04-04,2026-03-20 14:46:13.858698+00,31.1,24.7,27.3,3.3,40,3.66,16.65,71,7.9
177,Norberto Segovich,2026-03-20,2026-03-20 14:46:15.611317+00,32.6,25.9,28.8,0.2,23,4.32,18.47,61,10
178,Norberto Segovich,2026-03-21,2026-03-20 14:46:15.611317+00,34.6,23.9,29,0,3,4.89,22.22,57,5.8
179,Norberto Segovich,2026-03-22,2026-03-20 14:46:15.611317+00,35.4,25.2,29.8,0,3,4.86,20.4,53,9.4
180,Norberto Segovich,2026-03-23,2026-03-20 14:46:15.611317+00,36.5,25.3,30.2,0,0,5.62,22.64,48,10.8
181,Norberto Segovich,2026-03-24,2026-03-20 14:46:15.611317+00,36.1,25.6,30.3,0,1,5.16,20.88,46,8.3
182,Norberto Segovich,2026-03-25,2026-03-20 14:46:15.611317+00,36.2,25.1,30,0,3,5.7,23.35,51,14.8
183,Norberto Segovich,2026-03-26,2026-03-20 14:46:15.611317+00,35.9,25.7,29.9,0,15,5.26,19.85,51,15.2
184,Norberto Segovich,2026-03-27,2026-03-20 14:46:15.611317+00,33.4,25.6,29,0,31,4.03,15.64,51,9.3
185,Norberto Segovich,2026-03-28,2026-03-20 14:46:15.611317+00,34.8,25.6,29.3,0,40,3.92,13.99,48,10
186,Norberto Segovich,2026-03-29,2026-03-20 14:46:15.611317+00,36,24.6,29.4,0,39,3.81,14.47,49,6.9
187,Norberto Segovich,2026-03-30,2026-03-20 14:46:15.611317+00,35,24.5,29.5,0,26,4.17,16.15,49,6.6
188,Norberto Segovich,2026-03-31,2026-03-20 14:46:15.611317+00,33.1,24.6,27.5,0.3,26,2.59,8.83,57,9.2
189,Norberto Segovich,2026-04-01,2026-03-20 14:46:15.611317+00,33.2,21.9,26.9,1.2,26,3.98,17.9,63,9.7
190,Norberto Segovich,2026-04-02,2026-03-20 14:46:15.611317+00,27.6,22.2,24.7,3,39,2.18,8.82,75,7.5
191,Norberto Segovich,2026-04-03,2026-03-20 14:46:15.611317+00,32,21.8,25.9,0.6,39,2.8,12.87,67,6.6
192,Norberto Segovich,2026-04-04,2026-03-20 14:46:15.611317+00,33.4,23.9,28.1,4.5,52,5.46,25.02,63,8.5
193,Ángela Guedez,2026-03-20,2026-03-20 14:46:17.406491+00,31.9,25.6,28,0.4,55,4.07,15.45,60,10.8
194,Ángela Guedez,2026-03-21,2026-03-20 14:46:17.406491+00,33.9,23.1,28.5,0,13,5.4,21.85,57,14.4
195,Ángela Guedez,2026-03-22,2026-03-20 14:46:17.406491+00,34.7,24.8,30.2,0,8,5.81,20.5,48,15.5
196,Ángela Guedez,2026-03-23,2026-03-20 14:46:17.406491+00,35.7,24.2,30.1,0,0,6.77,23.22,45,15
197,Ángela Guedez,2026-03-24,2026-03-20 14:46:17.406491+00,35.9,25.2,30.4,0,0,6.96,24.3,42,16.7
198,Ángela Guedez,2026-03-25,2026-03-20 14:46:17.406491+00,35.9,26.4,30.3,0,4,6.56,24.6,45,15.2
199,Ángela Guedez,2026-03-26,2026-03-20 14:46:17.406491+00,35.1,26.9,30.1,0,19,5.56,19.18,48,14.1
200,Ángela Guedez,2026-03-27,2026-03-20 14:46:17.406491+00,35.1,26.2,29.9,0,26,5.28,17.85,49,13.3
201,Ángela Guedez,2026-03-28,2026-03-20 14:46:17.406491+00,36.8,24.8,29.3,0,30,4.86,17.14,54,17.9
202,Ángela Guedez,2026-03-29,2026-03-20 14:46:17.406491+00,37,24.3,29.4,0,42,5.98,21.53,52,16.8
203,Ángela Guedez,2026-03-30,2026-03-20 14:46:17.406491+00,34.8,24.9,28.9,0,23,4.94,17.3,54,15.5
204,Ángela Guedez,2026-03-31,2026-03-20 14:46:17.406491+00,33.1,23.7,27.4,0.9,19,3.01,9.22,59,13.9
205,Ángela Guedez,2026-04-01,2026-03-20 14:46:17.406491+00,33.1,23.4,27.8,0.6,16,4.5,16.82,57,9.8
206,Ángela Guedez,2026-04-02,2026-03-20 14:46:17.406491+00,31.4,23.3,27.1,0.6,26,3.85,15.01,63,10.8
207,Ángela Guedez,2026-04-03,2026-03-20 14:46:17.406491+00,33.3,23.8,27.7,2.7,33,4.15,18.67,62,7.4
208,Ángela Guedez,2026-04-04,2026-03-20 14:46:17.406491+00,31,24.6,27.2,3.3,40,3.66,16.65,71,7.9
209,Francisco Gonzales,2026-03-20,2026-03-20 14:46:19.084459+00,35.2,24.8,29.9,0,0,7.11,25.43,49,24.4
210,Francisco Gonzales,2026-03-21,2026-03-20 14:46:19.084459+00,36.2,25.1,30.4,0,0,7.76,26.32,44,24.4
211,Francisco Gonzales,2026-03-22,2026-03-20 14:46:19.084459+00,36.5,24.8,30.6,0,0,7.91,24.32,42,23.4
212,Francisco Gonzales,2026-03-23,2026-03-20 14:46:19.084459+00,36.7,24.4,30.6,0,0,8.81,27.07,38,20.8
213,Francisco Gonzales,2026-03-24,2026-03-20 14:46:19.084459+00,37,24.7,30.7,0,0,8.28,26.16,43,24.8
214,Francisco Gonzales,2026-03-25,2026-03-20 14:46:19.084459+00,37.1,25.5,31.1,0,1,7.96,25.11,49,26
215,Francisco Gonzales,2026-03-26,2026-03-20 14:46:19.084459+00,37.2,26.1,31.2,0,3,8.18,25.19,49,25.1
216,Francisco Gonzales,2026-03-27,2026-03-20 14:46:19.084459+00,35.3,25.8,30.2,0,10,6.92,20.91,49,21.6
217,Francisco Gonzales,2026-03-28,2026-03-20 14:46:19.084459+00,36.7,26,30.9,0,23,7.02,21.43,48,18.4
218,Francisco Gonzales,2026-03-29,2026-03-20 14:46:19.084459+00,35.4,25.5,30.2,0,16,6.63,19.59,49,19.4
219,Francisco Gonzales,2026-03-30,2026-03-20 14:46:19.084459+00,36.8,25.3,30.5,0,13,7.2,21.93,46,18.6
220,Francisco Gonzales,2026-03-31,2026-03-20 14:46:19.084459+00,33.8,25.5,29.6,0,10,5.62,17.44,49,16.8
221,Francisco Gonzales,2026-04-01,2026-03-20 14:46:19.084459+00,34.6,23.6,29.4,0,11,5.53,18.14,50,16.5
222,Francisco Gonzales,2026-04-02,2026-03-20 14:46:19.084459+00,34.3,23.7,29.6,0,19,5.06,18.6,50,15.3
223,Francisco Gonzales,2026-04-03,2026-03-20 14:46:19.084459+00,34.4,25.6,30.3,0.3,25,5.03,16.08,51,16.6
224,Francisco Gonzales,2026-04-04,2026-03-20 14:46:19.084459+00,34.4,26.8,30.7,0.9,32,5.69,19.43,53,17.8
