id,unidad_produccion,lote,ha_a_cosechar,codigo_estacion,station_id,fecha_inicio_siembra,dias_inicio_post_siembra,duracion_dias,meta_lluvia_mm,created_at,updated_at,fecha_inicio_rango,fecha_fin_rango,umbral_dia_seco_mm,agricultor_id,zona
ad994139-9590-4367-a18b-7f89c983ae89,Juan Hilario,Cosechadora quemada 2,34.83,,,2026-05-29,63,30,140,2026-07-13T15:26:41.66499+00:00,2026-07-13T15:26:41.66499+00:00,2026-07-31,2026-08-30,0.3,3cee0691-8a38-4379-b3f2-ee96d57d8a57,
e772acfa-f1f8-46c3-99d1-7bed9eec4312,Juan Hilario,Cosechadora quemada 3,26.85,,,2026-05-30,63,30,140,2026-07-13T15:26:41.66499+00:00,2026-07-13T15:26:41.66499+00:00,2026-08-01,2026-08-31,0.3,3cee0691-8a38-4379-b3f2-ee96d57d8a57,
9b2dc289-d884-47ab-a882-08ab0eaf989d,Juan Hilario,Cosechadora quemada 4,25.54,,,2026-05-30,63,30,140,2026-07-13T15:26:41.66499+00:00,2026-07-13T15:26:41.66499+00:00,2026-08-01,2026-08-31,0.3,3cee0691-8a38-4379-b3f2-ee96d57d8a57,
628029e0-f3d7-4151-850e-680a3e0266b9,Agropecuaria Dos Caminos,Dugarte 3,24.31,P19,236176,2026-06-12,63,30,140,2026-07-13T15:26:41.66499+00:00,2026-07-13T15:26:41.66499+00:00,2026-08-14,2026-09-13,0.3,4d8f0268-961d-4d03-b75a-a944385d9c46,Occidente
f39aa274-4a2b-4cfc-a09a-3435bf844bf1,Agropecuaria Dos Caminos,Dugarte 4,25.01,P19,236176,2026-06-10,63,30,140,2026-07-13T15:26:41.66499+00:00,2026-07-13T15:26:41.66499+00:00,2026-08-12,2026-09-11,0.3,4d8f0268-961d-4d03-b75a-a944385d9c46,Occidente
f2d834fc-d53c-44f3-8591-be5a26ab4ef7,Agropecuaria Dos Caminos,Los Patos 1,34.83,P19,236176,2026-06-01,63,30,140,2026-07-13T15:26:41.66499+00:00,2026-07-13T15:26:41.66499+00:00,2026-08-03,2026-09-02,0.3,4d8f0268-961d-4d03-b75a-a944385d9c46,Occidente
1ade474a-369e-4704-ae55-4953ba5db0de,Agropecuaria Dos Caminos,Los Patos 2,36.24,P19,236176,2026-05-28,63,30,140,2026-07-13T15:26:41.66499+00:00,2026-07-13T15:26:41.66499+00:00,2026-07-30,2026-08-29,0.3,4d8f0268-961d-4d03-b75a-a944385d9c46,Occidente
70279d75-a867-48ca-b666-9a4a9d2ee3db,Agropecuaria Dos Caminos,Los Patos 3,6.11,P19,236176,2026-05-29,63,30,140,2026-07-13T15:26:41.66499+00:00,2026-07-13T15:26:41.66499+00:00,2026-07-31,2026-08-30,0.3,4d8f0268-961d-4d03-b75a-a944385d9c46,Occidente
0f3add10-cf21-480c-a677-31104cc89563,Agropecuaria Juan Francisco C.A,Bancales Viejos,20.83,P18,235418,2026-05-20,63,30,140,2026-07-13T15:26:41.66499+00:00,2026-07-13T15:26:41.66499+00:00,2026-07-22,2026-08-21,0.3,e90c912b-cba3-4bb5-8e8e-f8ba1be4106c,Occidente
4f0a29df-eb58-443e-a724-eb3553c69402,Agropecuaria Juan Francisco C.A,Juan,9.35,P18,235418,2026-06-10,63,30,140,2026-07-13T15:26:41.66499+00:00,2026-07-13T15:26:41.66499+00:00,2026-08-12,2026-09-11,0.3,e90c912b-cba3-4bb5-8e8e-f8ba1be4106c,Occidente
96fb3c6e-d2e2-42ea-a9d8-77917005073b,Agropecuaria Juan Francisco C.A,La Ceiba,23.03,P18,235418,2026-05-14,63,30,140,2026-07-13T15:26:41.66499+00:00,2026-07-13T15:26:41.66499+00:00,2026-07-16,2026-08-15,0.3,e90c912b-cba3-4bb5-8e8e-f8ba1be4106c,Occidente
39f1c564-a330-4e3b-b89e-4eb5cbe4a2dc,Agropecuaria Juan Francisco C.A,La Montaña 1,22.06,P18,235418,2026-05-15,63,30,140,2026-07-13T15:26:41.66499+00:00,2026-07-13T15:26:41.66499+00:00,2026-07-17,2026-08-16,0.3,e90c912b-cba3-4bb5-8e8e-f8ba1be4106c,Occidente
2ebae9b8-0570-4b02-8177-93f406842bb9,Agropecuaria Juan Francisco C.A,La Montaña 2,23.37,P18,235418,2026-05-17,63,30,140,2026-07-13T15:26:41.66499+00:00,2026-07-13T15:26:41.66499+00:00,2026-07-19,2026-08-18,0.3,e90c912b-cba3-4bb5-8e8e-f8ba1be4106c,Occidente
a5f04bce-193a-4bf6-bfde-ccc241dfa8a5,Agropecuaria Juan Francisco C.A,La Platanera,16.33,P18,235418,2026-05-30,63,30,140,2026-07-13T15:26:41.66499+00:00,2026-07-13T15:26:41.66499+00:00,2026-08-01,2026-08-31,0.3,e90c912b-cba3-4bb5-8e8e-f8ba1be4106c,Occidente
4cad224e-34fa-4ffe-9e88-17d8bbe2e614,Agropecuaria Juan Francisco C.A,La Rafaeleña,20.99,P18,235418,2026-06-12,63,30,140,2026-07-13T15:26:41.66499+00:00,2026-07-13T15:26:41.66499+00:00,2026-08-14,2026-09-13,0.3,e90c912b-cba3-4bb5-8e8e-f8ba1be4106c,Occidente
3796c344-a2c1-4daa-8b68-da5fbea33fa9,Agropecuaria Juan Francisco C.A,Rogelio Grande,22.35,P18,235418,2026-06-10,63,30,140,2026-07-13T15:26:41.66499+00:00,2026-07-13T15:26:41.66499+00:00,2026-08-12,2026-09-11,0.3,e90c912b-cba3-4bb5-8e8e-f8ba1be4106c,Occidente
05962cb2-bcd6-4100-8b01-03ea0cf5fd37,Agropecuaria Juan Francisco C.A,Rogelio Pequeño,13.11,P18,235418,2026-06-11,63,30,140,2026-07-13T15:26:41.66499+00:00,2026-07-13T15:26:41.66499+00:00,2026-08-13,2026-09-12,0.3,e90c912b-cba3-4bb5-8e8e-f8ba1be4106c,Occidente
18a8c969-22ce-4d01-aa82-465cb837f403,Agropecuaria Mochuelo,Concha de Drago,35.52,G09,238308,2026-06-17,63,30,140,2026-07-13T15:26:41.66499+00:00,2026-07-13T15:26:41.66499+00:00,2026-08-19,2026-09-18,0.3,488d42c3-82a0-446f-840c-d1f638556ee6,Oriente
69d96246-a21f-4c3e-975c-341d5882280f,Agropecuaria Mochuelo,Doña Mirian,25.69,G09,238308,2026-06-16,63,30,140,2026-07-13T15:26:41.66499+00:00,2026-07-13T15:26:41.66499+00:00,2026-08-18,2026-09-17,0.3,488d42c3-82a0-446f-840c-d1f638556ee6,Oriente
78f5eb8f-f2d3-41b8-9ca4-2afd8a00fc4d,Agropecuaria Mochuelo,El Mamón 1,59,G09,238308,2026-05-22,63,30,140,2026-07-13T15:26:41.66499+00:00,2026-07-13T15:26:41.66499+00:00,2026-07-24,2026-08-23,0.3,488d42c3-82a0-446f-840c-d1f638556ee6,Oriente
c68b9353-e9d8-44a9-a3d9-60daaa063bbf,Agropecuaria Mochuelo,El Mamón 2,14.6,G09,238308,2026-06-02,63,30,140,2026-07-13T15:26:41.66499+00:00,2026-07-13T15:26:41.66499+00:00,2026-08-04,2026-09-03,0.3,488d42c3-82a0-446f-840c-d1f638556ee6,Oriente
1276e7c4-8ed6-4978-926b-4db023ae127b,Agropecuaria Mochuelo,El Marbellero,12.44,G09,238308,2026-06-15,63,30,140,2026-07-13T15:26:41.66499+00:00,2026-07-13T15:26:41.66499+00:00,2026-08-17,2026-09-16,0.3,488d42c3-82a0-446f-840c-d1f638556ee6,Oriente
32e47f93-3a7c-4883-8ebd-9f44a593bc3f,Agropecuaria Mochuelo,El Roble,15.43,G09,238308,2026-06-20,63,30,140,2026-07-13T15:26:41.66499+00:00,2026-07-13T15:26:41.66499+00:00,2026-08-22,2026-09-21,0.3,488d42c3-82a0-446f-840c-d1f638556ee6,Oriente
07be278b-cb82-4152-b073-c763876d4b0f,Agropecuaria Mochuelo,El Ron 1,22.1,G09,238308,2026-05-26,63,30,140,2026-07-13T15:26:41.66499+00:00,2026-07-13T15:26:41.66499+00:00,2026-07-28,2026-08-27,0.3,488d42c3-82a0-446f-840c-d1f638556ee6,Oriente
51c48845-8ff4-45e2-9b1a-bad17990078c,Agropecuaria Mochuelo,El Ron 2,36.56,G09,238308,2026-06-09,63,30,140,2026-07-13T15:26:41.66499+00:00,2026-07-13T15:26:41.66499+00:00,2026-08-11,2026-09-10,0.3,488d42c3-82a0-446f-840c-d1f638556ee6,Oriente
f3b99946-6983-471f-8b45-3023527b6a0d,Agropecuaria Vilereña,El Carito 1-1,27.28,G14,241484,2026-06-17,63,30,140,2026-07-13T15:26:41.66499+00:00,2026-07-13T15:26:41.66499+00:00,2026-08-19,2026-09-18,0.3,13623f8c-c5c6-4175-a3fc-552f36383551,Oriente
f8511ddb-70d0-4214-ab6e-d6b9f20fb6fd,Agropecuaria Vilereña,El Carito 1-2,21.44,G14,241484,2026-06-19,63,30,140,2026-07-13T15:26:41.66499+00:00,2026-07-13T15:26:41.66499+00:00,2026-08-21,2026-09-20,0.3,13623f8c-c5c6-4175-a3fc-552f36383551,Oriente
891b1c8f-11e3-4464-8868-364a5737a2b0,Agropecuaria Vilereña,Eleodoro,66.14,G14,241484,2026-06-16,63,30,140,2026-07-13T15:26:41.66499+00:00,2026-07-13T15:26:41.66499+00:00,2026-08-18,2026-09-17,0.3,13623f8c-c5c6-4175-a3fc-552f36383551,Oriente
ce77e86a-30f2-4959-a867-6df03e3bedf0,Agropecuaria Vilereña,La Casa 1-1,33.98,G14,241484,2026-06-06,63,30,140,2026-07-13T15:26:41.66499+00:00,2026-07-13T15:26:41.66499+00:00,2026-08-08,2026-09-07,0.3,13623f8c-c5c6-4175-a3fc-552f36383551,Oriente
fb269fe9-fa8b-4447-b852-21bf1eb8bcb3,Agropecuaria Vilereña,La Zorra 1,20.53,G14,241484,2026-06-01,63,30,140,2026-07-13T15:26:41.66499+00:00,2026-07-13T15:26:41.66499+00:00,2026-08-03,2026-09-02,0.3,13623f8c-c5c6-4175-a3fc-552f36383551,Oriente
4d621ff4-0fa4-4100-8047-941f2dea0c65,Agropecuaria Vilereña,La Zorra 2,29.78,G14,241484,2026-06-10,63,30,140,2026-07-13T15:26:41.66499+00:00,2026-07-13T15:26:41.66499+00:00,2026-08-12,2026-09-11,0.3,13623f8c-c5c6-4175-a3fc-552f36383551,Oriente
2d2adff8-329a-4b41-b8fd-cde821b1932c,Agropecuaria Vilereña,Pegado a Pepe 1,18.97,G14,241484,2026-06-13,63,30,140,2026-07-13T15:26:41.66499+00:00,2026-07-13T15:26:41.66499+00:00,2026-08-15,2026-09-14,0.3,13623f8c-c5c6-4175-a3fc-552f36383551,Oriente
d86526dd-2c27-4746-8730-30138f6ec098,Agropecuaria Vilereña,Pegado a Pepe 2,19.24,G14,241484,2026-06-05,63,30,140,2026-07-13T15:26:41.66499+00:00,2026-07-13T15:26:41.66499+00:00,2026-08-07,2026-09-06,0.3,13623f8c-c5c6-4175-a3fc-552f36383551,Oriente
062cc7bc-40eb-4812-87fb-56c3858112db,Agropecuaria Vilereña,Tomate 1,47.43,G14,241484,2026-06-21,63,30,140,2026-07-13T15:26:41.66499+00:00,2026-07-13T15:26:41.66499+00:00,2026-08-23,2026-09-22,0.3,13623f8c-c5c6-4175-a3fc-552f36383551,Oriente
4c2f9936-95f4-41cd-8339-ed6a912af863,Agropecuaria Vilereña,Tomate 2-1,22.75,G14,241484,2026-06-23,63,30,140,2026-07-13T15:26:41.66499+00:00,2026-07-13T15:26:41.66499+00:00,2026-08-25,2026-09-24,0.3,13623f8c-c5c6-4175-a3fc-552f36383551,Oriente
2fd15d4e-d73a-45d7-8e71-9da3a1ad6526,Agropecuaria Vilereña,Tomate 2-2,24.36,G14,241484,2026-06-23,63,30,140,2026-07-13T15:26:41.66499+00:00,2026-07-13T15:26:41.66499+00:00,2026-08-25,2026-09-24,0.3,13623f8c-c5c6-4175-a3fc-552f36383551,Oriente
093717a1-7bbb-44c7-a9e2-4e6f49b96f2d,Agropecuaria Vilereña,Trinchera de Corcovado A,71.22,G14,241484,2026-06-20,63,30,140,2026-07-13T15:26:41.66499+00:00,2026-07-13T15:26:41.66499+00:00,2026-08-22,2026-09-21,0.3,13623f8c-c5c6-4175-a3fc-552f36383551,Oriente
a70cd7aa-b6eb-4f66-bbc9-6a21312eccd4,Agropecuaria Vilereña,Trinchera de Corcovado B,76.08,G14,241484,2026-06-20,63,30,140,2026-07-13T15:26:41.66499+00:00,2026-07-13T15:26:41.66499+00:00,2026-08-22,2026-09-21,0.3,13623f8c-c5c6-4175-a3fc-552f36383551,Oriente
c488c8ed-8752-4db3-aa7d-1c69aee40646,Agropecuaria Vilereña,Trinchera de Llano Adentro,31.63,G14,241484,2026-06-17,63,30,140,2026-07-13T15:26:41.66499+00:00,2026-07-13T15:26:41.66499+00:00,2026-08-19,2026-09-18,0.3,13623f8c-c5c6-4175-a3fc-552f36383551,Oriente
6b0e1dfa-26df-4039-b057-49f25e9fa6e2,Buenavista,Caño el Loco,58.29,G12,238383,2026-06-13,63,30,140,2026-07-13T15:26:41.66499+00:00,2026-07-13T15:26:41.66499+00:00,2026-08-15,2026-09-14,0.3,e7ab42b1-2406-4f2e-b208-e52febff518b,Oriente
613a6850-aeb1-42da-86c1-03495f79b458,Buenavista,Cerro Blanco,31.78,G12,238383,2026-06-26,63,30,140,2026-07-13T15:26:41.66499+00:00,2026-07-13T15:26:41.66499+00:00,2026-08-28,2026-09-27,0.3,e7ab42b1-2406-4f2e-b208-e52febff518b,Oriente
8b80fa42-b321-4eb9-a3d7-dc2ddaf59308,Buenavista,El Ataud,51.55,G12,238383,2026-05-27,63,30,140,2026-07-13T15:26:41.66499+00:00,2026-07-13T15:26:41.66499+00:00,2026-07-29,2026-08-28,0.3,e7ab42b1-2406-4f2e-b208-e52febff518b,Oriente
689789a3-8513-47ca-a79c-db1d288e5685,Buenavista,El Diablo,40.93,G12,238383,2026-06-20,63,30,140,2026-07-13T15:26:41.66499+00:00,2026-07-13T15:26:41.66499+00:00,2026-08-22,2026-09-21,0.3,e7ab42b1-2406-4f2e-b208-e52febff518b,Oriente
16cb47a7-e235-49ee-bcaa-855ef93d198b,Buenavista,El Mamón,41.86,G12,238383,2026-06-13,63,30,140,2026-07-13T15:26:41.66499+00:00,2026-07-13T15:26:41.66499+00:00,2026-08-15,2026-09-14,0.3,e7ab42b1-2406-4f2e-b208-e52febff518b,Oriente
5f1c512a-f77f-4716-a84d-66c9da25460c,Buenavista,El Palmarital,100.4,G12,238383,2026-06-23,63,30,140,2026-07-13T15:26:41.66499+00:00,2026-07-13T15:26:41.66499+00:00,2026-08-25,2026-09-24,0.3,e7ab42b1-2406-4f2e-b208-e52febff518b,Oriente
872b0297-325d-4b23-b20b-5c35f72cf94f,Buenavista,El Roble,48.62,G12,238383,2026-05-30,63,30,140,2026-07-13T15:26:41.66499+00:00,2026-07-13T15:26:41.66499+00:00,2026-08-01,2026-08-31,0.3,e7ab42b1-2406-4f2e-b208-e52febff518b,Oriente
8c17ba37-ced0-4c71-aef6-02530d359b42,Buenavista,La Carretera,42.42,G12,238383,2026-06-10,63,30,140,2026-07-13T15:26:41.66499+00:00,2026-07-13T15:26:41.66499+00:00,2026-08-12,2026-09-11,0.3,e7ab42b1-2406-4f2e-b208-e52febff518b,Oriente
39193ffd-bb11-4346-984f-698c985abeaa,Buenavista,La Cuca,42.07,G12,238383,2026-06-09,63,30,140,2026-07-13T15:26:41.66499+00:00,2026-07-13T15:26:41.66499+00:00,2026-08-11,2026-09-10,0.3,e7ab42b1-2406-4f2e-b208-e52febff518b,Oriente
62b8cadb-5ca6-4cfd-b886-4f5cdc106fbf,Buenavista,La Nueva,77.56,G12,238383,2026-06-01,63,30,140,2026-07-13T15:26:41.66499+00:00,2026-07-13T15:26:41.66499+00:00,2026-08-03,2026-09-02,0.3,e7ab42b1-2406-4f2e-b208-e52febff518b,Oriente
391a0ee5-292a-4134-a411-e242f1320e1c,Buenavista,La Sociedad,25.97,G12,238383,2026-05-29,63,30,140,2026-07-13T15:26:41.66499+00:00,2026-07-13T15:26:41.66499+00:00,2026-07-31,2026-08-30,0.3,e7ab42b1-2406-4f2e-b208-e52febff518b,Oriente
612be9e2-1e2d-40ea-aee2-0ce73ed4d5d8,Buenavista,Laguna Negra,23.46,G12,238383,2026-05-29,63,30,140,2026-07-13T15:26:41.66499+00:00,2026-07-13T15:26:41.66499+00:00,2026-07-31,2026-08-30,0.3,e7ab42b1-2406-4f2e-b208-e52febff518b,Oriente
69a93f87-536e-4c68-8b65-61eeff547262,Buenavista,Las Novillas,29.44,G12,238383,2026-06-03,63,30,140,2026-07-13T15:26:41.66499+00:00,2026-07-13T15:26:41.66499+00:00,2026-08-05,2026-09-04,0.3,e7ab42b1-2406-4f2e-b208-e52febff518b,Oriente
a905953e-5b03-4234-804f-96473cf6f9de,Buenavista,Las Torres,23.78,G12,238383,2026-06-08,63,30,140,2026-07-13T15:26:41.66499+00:00,2026-07-13T15:26:41.66499+00:00,2026-08-10,2026-09-09,0.3,e7ab42b1-2406-4f2e-b208-e52febff518b,Oriente
29327543-b2f5-4624-a4e6-e7e8fd1f594a,Buenavista,Las Yeguas,33.24,G12,238383,2026-06-18,63,30,140,2026-07-13T15:26:41.66499+00:00,2026-07-13T15:26:41.66499+00:00,2026-08-20,2026-09-19,0.3,e7ab42b1-2406-4f2e-b208-e52febff518b,Oriente
17eee026-d99d-4408-803d-04e5544d12b6,Buenavista,Los Caribes,23.5,G12,238383,2026-05-28,63,30,140,2026-07-13T15:26:41.66499+00:00,2026-07-13T15:26:41.66499+00:00,2026-07-30,2026-08-29,0.3,e7ab42b1-2406-4f2e-b208-e52febff518b,Oriente
4a5fcdda-5003-4f94-827e-6ad1ff5b1280,Buenavista,Los Palos,49.81,G12,238383,2026-06-09,63,30,140,2026-07-13T15:26:41.66499+00:00,2026-07-13T15:26:41.66499+00:00,2026-08-11,2026-09-10,0.3,e7ab42b1-2406-4f2e-b208-e52febff518b,Oriente
31577c1d-53ac-4645-8b69-849bf3561130,Camaripano,L03 CASA DE TABLA ARRIBA A,21.77,G04,186730,2026-05-27,63,30,140,2026-07-13T15:26:41.66499+00:00,2026-07-13T15:26:41.66499+00:00,2026-07-29,2026-08-28,0.3,ad5678bd-ae51-497b-9934-ce557146b38e,Oriente
3130337f-3ab2-406b-a5c1-347f402702ca,Camaripano,L04 CASA DE TABLA ARRIBA B,23.57,G04,186730,2026-05-27,63,30,140,2026-07-13T15:26:41.66499+00:00,2026-07-13T15:26:41.66499+00:00,2026-07-29,2026-08-28,0.3,ad5678bd-ae51-497b-9934-ce557146b38e,Oriente
42b4b7f7-70f6-4291-b973-81920fd0cf62,Camaripano,L05 EL DESQUITE,49.44,G04,186730,2026-05-28,63,30,140,2026-07-13T15:26:41.66499+00:00,2026-07-13T15:26:41.66499+00:00,2026-07-30,2026-08-29,0.3,ad5678bd-ae51-497b-9934-ce557146b38e,Oriente
09164758-10e5-4d2a-9155-7bd7dd174e5f,Camaripano,Molino Escabezao 1,75.78,G04,186730,2026-05-29,63,30,140,2026-07-13T15:26:41.66499+00:00,2026-07-13T15:26:41.66499+00:00,2026-07-31,2026-08-30,0.3,ad5678bd-ae51-497b-9934-ce557146b38e,Oriente
8b37ab97-2ecf-4455-add9-6ebe228e8087,Camaripano,Molino Escabezao 2,18,G04,186730,2026-05-30,63,30,140,2026-07-13T15:26:41.66499+00:00,2026-07-13T15:26:41.66499+00:00,2026-08-01,2026-08-31,0.3,ad5678bd-ae51-497b-9934-ce557146b38e,Oriente
cb182c2d-4309-49f9-87ae-3629575d45c6,Camaripano,Tanque Gasoil,47.84,G04,186730,2026-05-26,63,30,140,2026-07-13T15:26:41.66499+00:00,2026-07-13T15:26:41.66499+00:00,2026-07-28,2026-08-27,0.3,ad5678bd-ae51-497b-9934-ce557146b38e,Oriente
c7ef1944-fd1e-4241-8b17-ed65092b5108,Chaguaramitas,Chaparral,76.68,G13,238407,2026-06-13,63,30,140,2026-07-13T15:26:41.66499+00:00,2026-07-13T15:26:41.66499+00:00,2026-08-15,2026-09-14,0.3,f3dd5a70-0c95-4b9e-bab9-4f320e0fbe35,Oriente
70e131ba-d8f9-4ba0-9a6b-c0de3b159543,Chaguaramitas,Chaparralito 1,0,G13,238407,,63,30,140,2026-07-13T15:26:41.66499+00:00,2026-07-13T15:26:41.66499+00:00,,,0.3,f3dd5a70-0c95-4b9e-bab9-4f320e0fbe35,Oriente
db649d01-b26c-426c-949c-42778505618c,Chaguaramitas,Chaparralito 2,0,G13,238407,,63,30,140,2026-07-13T15:26:41.66499+00:00,2026-07-13T15:26:41.66499+00:00,,,0.3,f3dd5a70-0c95-4b9e-bab9-4f320e0fbe35,Oriente
d8629f36-aa18-4262-8b44-624c1b361f33,Chaguaramitas,El Olivo 1,18,G13,238407,2026-06-10,63,30,140,2026-07-13T15:26:41.66499+00:00,2026-07-13T15:26:41.66499+00:00,2026-08-12,2026-09-11,0.3,f3dd5a70-0c95-4b9e-bab9-4f320e0fbe35,Oriente
9533c594-4333-4857-8060-48711fde7804,Chaguaramitas,El Olivo 2,0,G13,238407,,63,30,140,2026-07-13T15:26:41.66499+00:00,2026-07-13T15:26:41.66499+00:00,,,0.3,f3dd5a70-0c95-4b9e-bab9-4f320e0fbe35,Oriente
4b0c8bea-4423-4c64-a18a-9d78860bc3be,Chaguaramitas,El Trapiche,54.23,G13,238407,2026-06-06,63,30,140,2026-07-13T15:26:41.66499+00:00,2026-07-13T15:26:41.66499+00:00,2026-08-08,2026-09-07,0.3,f3dd5a70-0c95-4b9e-bab9-4f320e0fbe35,Oriente
3b128bd0-8987-4816-8213-88e62b0963e1,Chaguaramitas,La Aguadita,65.82,G13,238407,2026-06-22,63,30,140,2026-07-13T15:26:41.66499+00:00,2026-07-13T15:26:41.66499+00:00,2026-08-24,2026-09-23,0.3,f3dd5a70-0c95-4b9e-bab9-4f320e0fbe35,Oriente
474e4c6f-8da2-44c7-8e46-d8a66321907a,Chaguaramitas,Loma de Piedra,0,G13,238407,,63,30,140,2026-07-13T15:26:41.66499+00:00,2026-07-13T15:26:41.66499+00:00,,,0.3,f3dd5a70-0c95-4b9e-bab9-4f320e0fbe35,Oriente
d44de1dc-7867-4f9e-a1e7-788f92376293,Chaguaramitas,Los Toros 1,0,G13,238407,,63,30,140,2026-07-13T15:26:41.66499+00:00,2026-07-13T15:26:41.66499+00:00,,,0.3,f3dd5a70-0c95-4b9e-bab9-4f320e0fbe35,Oriente
db1ee136-0f1d-4ae8-b3e3-e1710c5f7ef4,Chaguaramitas,Los Toros 2,29.14,G13,238407,2026-06-23,63,30,140,2026-07-13T15:26:41.66499+00:00,2026-07-13T15:26:41.66499+00:00,2026-08-25,2026-09-24,0.3,f3dd5a70-0c95-4b9e-bab9-4f320e0fbe35,Oriente
b95a4ded-83d5-40b3-87bd-fbbbbb95664f,Don Fonti,Candilero,17.23,P15,235225,2026-05-22,63,30,140,2026-07-13T15:26:41.66499+00:00,2026-07-13T15:26:41.66499+00:00,2026-07-24,2026-08-23,0.3,2099dcd4-d145-4008-a361-8bd69bfccf8a,Occidente
29a2511b-4eb0-4216-ab97-01001579fb64,Don Fonti,Candirosa - Mango A,16.18,P15,235225,2026-05-24,63,30,140,2026-07-13T15:26:41.66499+00:00,2026-07-13T15:26:41.66499+00:00,2026-07-26,2026-08-25,0.3,2099dcd4-d145-4008-a361-8bd69bfccf8a,Occidente
a6a74564-bac7-467d-95f7-46ae0fffb356,Don Fonti,Candirosa - Mango B,17.25,P15,235225,2026-05-23,63,30,140,2026-07-13T15:26:41.66499+00:00,2026-07-13T15:26:41.66499+00:00,2026-07-25,2026-08-24,0.3,2099dcd4-d145-4008-a361-8bd69bfccf8a,Occidente
c0492162-4a3b-40ec-8575-35e20b79e20c,Don Fonti,El Drago,23.65,P15,235225,2026-05-02,63,30,140,2026-07-13T15:26:41.66499+00:00,2026-07-13T15:26:41.66499+00:00,2026-07-04,2026-08-03,0.3,2099dcd4-d145-4008-a361-8bd69bfccf8a,Occidente
a8fb7aa0-51ab-4677-a1b4-4719108c8790,Don Fonti,El Mamon,8.38,P15,235225,2026-04-30,63,30,140,2026-07-13T15:26:41.66499+00:00,2026-07-13T15:26:41.66499+00:00,2026-07-02,2026-08-01,0.3,2099dcd4-d145-4008-a361-8bd69bfccf8a,Occidente
c4fc1d9d-79b2-4320-a2ad-9be161d2e25e,Don Fonti,Girasol,25.43,P15,235225,2026-05-04,63,30,140,2026-07-13T15:26:41.66499+00:00,2026-07-13T15:26:41.66499+00:00,2026-07-06,2026-08-05,0.3,2099dcd4-d145-4008-a361-8bd69bfccf8a,Occidente
e0061526-8cd5-400f-b0fd-fee43354643b,Don Fonti,Guinea,7.33,P15,235225,2026-05-19,63,30,140,2026-07-13T15:26:41.66499+00:00,2026-07-13T15:26:41.66499+00:00,2026-07-21,2026-08-20,0.3,2099dcd4-d145-4008-a361-8bd69bfccf8a,Occidente
b30d085c-b1a6-4fd6-a04b-471b553ec606,Don Fonti,La Batea,8.28,P15,235225,2026-05-01,63,30,140,2026-07-13T15:26:41.66499+00:00,2026-07-13T15:26:41.66499+00:00,2026-07-03,2026-08-02,0.3,2099dcd4-d145-4008-a361-8bd69bfccf8a,Occidente
6633b552-869b-409e-8223-d9515437cdd4,Don Fonti,La Ceiba,24.6,P15,235225,2026-05-05,63,30,140,2026-07-13T15:26:41.66499+00:00,2026-07-13T15:26:41.66499+00:00,2026-07-07,2026-08-06,0.3,2099dcd4-d145-4008-a361-8bd69bfccf8a,Occidente
cc72a029-f9d1-4175-8eb2-39e605c57f02,Don Fonti,Los Viejos,31.08,P15,235225,2026-05-18,63,30,140,2026-07-13T15:26:41.66499+00:00,2026-07-13T15:26:41.66499+00:00,2026-07-20,2026-08-19,0.3,2099dcd4-d145-4008-a361-8bd69bfccf8a,Occidente
5aba2d4e-e4e8-4b06-a86b-bb3a675c551e,Don Fonti,Tamarindo,12.55,P15,235225,2026-05-04,63,30,140,2026-07-13T15:26:41.66499+00:00,2026-07-13T15:26:41.66499+00:00,2026-07-06,2026-08-05,0.3,2099dcd4-d145-4008-a361-8bd69bfccf8a,Occidente
889ce451-b97e-4bda-ba18-a8ea5cd9facb,El Almirante CA,Los Reyes 1,33.95,,,2026-06-15,63,30,140,2026-07-13T15:26:41.66499+00:00,2026-07-13T15:26:41.66499+00:00,2026-08-17,2026-09-16,0.3,236e5c87-cc88-4ebb-b082-2367188113ed,
8e844b11-ed19-47e1-bfe1-98ffb670fa7c,El Almirante CA,Los Reyes 2,57.46,,,2026-06-20,63,30,140,2026-07-13T15:26:41.66499+00:00,2026-07-13T15:26:41.66499+00:00,2026-08-22,2026-09-21,0.3,236e5c87-cc88-4ebb-b082-2367188113ed,
781a3436-b3e7-4e39-ab83-42ed9e1e1b46,El Almirante CA,Los Reyes 3,22.47,,,2026-06-22,63,30,140,2026-07-13T15:26:41.66499+00:00,2026-07-13T15:26:41.66499+00:00,2026-08-24,2026-09-23,0.3,236e5c87-cc88-4ebb-b082-2367188113ed,
add0559a-6479-45f4-b765-ce8f52082daa,El Almirante CA,Los Reyes 4,29.17,,,2026-06-23,63,30,140,2026-07-13T15:26:41.66499+00:00,2026-07-13T15:26:41.66499+00:00,2026-08-25,2026-09-24,0.3,236e5c87-cc88-4ebb-b082-2367188113ed,
9dcdbf55-7e2e-4f7e-9aae-16df50844f58,El Almirante CA,Los Vaquiros,59.63,,,2026-06-03,63,30,140,2026-07-13T15:26:41.66499+00:00,2026-07-13T15:26:41.66499+00:00,2026-08-05,2026-09-04,0.3,236e5c87-cc88-4ebb-b082-2367188113ed,
8eed2344-d136-42ee-b3f7-f49bed8402c8,El Apamate,L01 LOTE BAJO DE LOMA,33.61,G04,186730,2026-05-20,63,30,140,2026-07-13T15:26:41.66499+00:00,2026-07-13T15:26:41.66499+00:00,2026-07-22,2026-08-21,0.3,0cb87d79-618e-45f3-8879-aaf3708bfd9c,Oriente
a4efd631-0c89-4a3d-ac26-f6f5180564f6,El Apamate,L02 LOTE COCO LOMA GRANDE,14.48,G04,186730,2026-05-22,63,30,140,2026-07-13T15:26:41.66499+00:00,2026-07-13T15:26:41.66499+00:00,2026-07-24,2026-08-23,0.3,0cb87d79-618e-45f3-8879-aaf3708bfd9c,Oriente
099a640e-6c28-4acf-b6d9-305d7cd4bf86,El Apamate,L03 LOTE LA PIEDRA,18.15,G04,186730,2026-05-21,63,30,140,2026-07-13T15:26:41.66499+00:00,2026-07-13T15:26:41.66499+00:00,2026-07-23,2026-08-22,0.3,0cb87d79-618e-45f3-8879-aaf3708bfd9c,Oriente
5f0c51c1-923e-4d29-9a83-eb8850265570,El Apamate,L04 LOTE LOCACIÓN A,12.83,G04,186730,2026-06-09,63,30,140,2026-07-13T15:26:41.66499+00:00,2026-07-13T15:26:41.66499+00:00,2026-08-11,2026-09-10,0.3,0cb87d79-618e-45f3-8879-aaf3708bfd9c,Oriente
15c6d03f-2a02-4b12-8a54-81ae17176103,El Apamate,L07 LOTE MATA PALO,37.05,G04,186730,2026-05-28,63,30,140,2026-07-13T15:26:41.66499+00:00,2026-07-13T15:26:41.66499+00:00,2026-07-30,2026-08-29,0.3,0cb87d79-618e-45f3-8879-aaf3708bfd9c,Oriente
957c0283-c955-4e84-996c-c7c7929e7af8,El Apamate,Locación B,25.64,G04,186730,2026-06-09,63,30,140,2026-07-13T15:26:41.66499+00:00,2026-07-13T15:26:41.66499+00:00,2026-08-11,2026-09-10,0.3,0cb87d79-618e-45f3-8879-aaf3708bfd9c,Oriente
6c03962d-afab-4407-94c0-084220b91463,El Apamate,Ramírez,60.63,G04,186730,2026-05-30,63,30,140,2026-07-13T15:26:41.66499+00:00,2026-07-13T15:26:41.66499+00:00,2026-08-01,2026-08-31,0.3,0cb87d79-618e-45f3-8879-aaf3708bfd9c,Oriente
58f30f5d-38dc-4562-ae0a-cc210ea79c3a,El Encanto,Las 120 del frente 1,102.43,,,2026-05-30,63,30,140,2026-07-13T15:26:41.66499+00:00,2026-07-13T15:26:41.66499+00:00,2026-08-01,2026-08-31,0.3,2d7ef9de-cfb6-4321-8da5-c76532fa7406,
a645f030-f241-4d61-8ab5-c8bb42531601,El Encanto,Las 15,14.27,,,2026-06-10,63,30,140,2026-07-13T15:26:41.66499+00:00,2026-07-13T15:26:41.66499+00:00,2026-08-12,2026-09-11,0.3,2d7ef9de-cfb6-4321-8da5-c76532fa7406,
171a4e48-1661-46b7-a246-940bced04fb3,El Encanto,Las 80 de atrás,82.03,,,2026-06-10,63,30,140,2026-07-13T15:26:41.66499+00:00,2026-07-13T15:26:41.66499+00:00,2026-08-12,2026-09-11,0.3,2d7ef9de-cfb6-4321-8da5-c76532fa7406,
2e959a4a-0a26-4e40-a96d-2b9345057402,El Encanto,Parcela 62,22.24,,,2026-06-13,63,30,140,2026-07-13T15:26:41.66499+00:00,2026-07-13T15:26:41.66499+00:00,2026-08-15,2026-09-14,0.3,2d7ef9de-cfb6-4321-8da5-c76532fa7406,
9ea1d550-ffd7-45a7-96dd-c65b606f627a,El Encanto,Parcela 64,24.27,,,2026-06-13,63,30,140,2026-07-13T15:26:41.66499+00:00,2026-07-13T15:26:41.66499+00:00,2026-08-15,2026-09-14,0.3,2d7ef9de-cfb6-4321-8da5-c76532fa7406,
f55dc471-b9ad-4800-ac8f-676ba61e362d,El Loro,Costaneros,15.61,G05,213735,2026-06-11,63,30,140,2026-07-13T15:26:41.66499+00:00,2026-07-13T15:26:41.66499+00:00,2026-08-13,2026-09-12,0.3,d33e49e6-c9a2-4c94-8bf2-cf871e8be14d,Oriente
d359733d-cffe-4298-843e-98528015531d,El Loro,Frijolero Oeste,17.19,G05,213735,2026-06-13,63,30,140,2026-07-13T15:26:41.66499+00:00,2026-07-13T15:26:41.66499+00:00,2026-08-15,2026-09-14,0.3,d33e49e6-c9a2-4c94-8bf2-cf871e8be14d,Oriente
78f5f315-7fe6-449c-b591-aaaf96a3d4d5,El Loro,Guillero 1,9.62,G05,213735,2026-06-22,63,30,140,2026-07-13T15:26:41.66499+00:00,2026-07-13T15:26:41.66499+00:00,2026-08-24,2026-09-23,0.3,d33e49e6-c9a2-4c94-8bf2-cf871e8be14d,Oriente
0c5f247f-14a9-456b-9c08-ad395b544af5,El Loro,Guillero 2,54.35,G05,213735,2026-06-16,63,30,140,2026-07-13T15:26:41.66499+00:00,2026-07-13T15:26:41.66499+00:00,2026-08-18,2026-09-17,0.3,d33e49e6-c9a2-4c94-8bf2-cf871e8be14d,Oriente
b281e4c5-89c9-4bd5-8830-bc5614b4b703,El Loro,L01 LOTE SAMANCITO,31.46,G05,213735,2026-05-27,63,30,140,2026-07-13T15:26:41.66499+00:00,2026-07-13T15:26:41.66499+00:00,2026-07-29,2026-08-28,0.3,d33e49e6-c9a2-4c94-8bf2-cf871e8be14d,Oriente
ea74468f-e74f-458e-a748-e6975bc9e03f,El Loro,La Ceiba,30.46,G05,213735,2026-06-12,63,30,140,2026-07-13T15:26:41.66499+00:00,2026-07-13T15:26:41.66499+00:00,2026-08-14,2026-09-13,0.3,d33e49e6-c9a2-4c94-8bf2-cf871e8be14d,Oriente
da0e68eb-4568-4ad4-85f6-2b89e8a7de22,El Loro,Punta gorda A,19.58,G05,213735,2026-06-09,63,30,140,2026-07-13T15:26:41.66499+00:00,2026-07-13T15:26:41.66499+00:00,2026-08-11,2026-09-10,0.3,d33e49e6-c9a2-4c94-8bf2-cf871e8be14d,Oriente
54273189-deea-459e-9539-a9a66e106f45,El Loro,Taladro,28.23,G05,213735,2026-06-09,63,30,140,2026-07-13T15:26:41.66499+00:00,2026-07-13T15:26:41.66499+00:00,2026-08-11,2026-09-10,0.3,d33e49e6-c9a2-4c94-8bf2-cf871e8be14d,Oriente
4fcc3c97-d554-4a32-af2f-df4166ed9d5a,El Loro,Victoriero 1,93.49,G05,213735,2026-05-28,63,30,140,2026-07-13T15:26:41.66499+00:00,2026-07-13T15:26:41.66499+00:00,2026-07-30,2026-08-29,0.3,d33e49e6-c9a2-4c94-8bf2-cf871e8be14d,Oriente
98469e64-a201-4a2f-b101-35c7011545df,El Loro,Victoriero 2,81.05,G05,213735,2026-06-01,63,30,140,2026-07-13T15:26:41.66499+00:00,2026-07-13T15:26:41.66499+00:00,2026-08-03,2026-09-02,0.3,d33e49e6-c9a2-4c94-8bf2-cf871e8be14d,Oriente
009d4842-e980-4115-9f83-ef14114be556,El manguito,El Manguito 1,23.06,Y03,235420,2026-05-21,63,30,140,2026-07-13T15:26:41.66499+00:00,2026-07-13T15:26:41.66499+00:00,2026-07-23,2026-08-22,0.3,b492cc3e-9023-4e9a-bdb6-f8e0d67a6a38,Occidente
e75f8a42-d927-4ac2-a2a5-12ea3cec8adb,El manguito,El Manguito 2,11.3,Y03,235420,2026-05-21,63,30,140,2026-07-13T15:26:41.66499+00:00,2026-07-13T15:26:41.66499+00:00,2026-07-23,2026-08-22,0.3,b492cc3e-9023-4e9a-bdb6-f8e0d67a6a38,Occidente
891969f3-6d3b-40fe-a207-f50eda837f92,El manguito,El Manguito 3,11.2,Y03,235420,2026-05-20,63,30,140,2026-07-13T15:26:41.66499+00:00,2026-07-13T15:26:41.66499+00:00,2026-07-22,2026-08-21,0.3,b492cc3e-9023-4e9a-bdb6-f8e0d67a6a38,Occidente
00ea0e05-0a77-4fbd-995c-7402959cf5ea,El manguito,La Rosa,14.49,Y03,235420,2026-05-25,63,30,140,2026-07-13T15:26:41.66499+00:00,2026-07-13T15:26:41.66499+00:00,2026-07-27,2026-08-26,0.3,b492cc3e-9023-4e9a-bdb6-f8e0d67a6a38,Occidente
b84f3a77-03ab-458f-893c-3de6a9de2743,El manguito,La Silvera,10.37,Y03,235420,2026-06-05,63,30,140,2026-07-13T15:26:41.66499+00:00,2026-07-13T15:26:41.66499+00:00,2026-08-07,2026-09-06,0.3,b492cc3e-9023-4e9a-bdb6-f8e0d67a6a38,Occidente
98f7bbe0-9db8-4e7c-b850-098bf801aa23,El manguito,Lote de Arriba,11.74,Y03,235420,2026-05-30,63,30,140,2026-07-13T15:26:41.66499+00:00,2026-07-13T15:26:41.66499+00:00,2026-08-01,2026-08-31,0.3,b492cc3e-9023-4e9a-bdb6-f8e0d67a6a38,Occidente
22c4ba7c-f484-4705-b781-2a8cd37a6a64,El manguito,Pavi 02,11.39,Y03,235420,2026-06-02,63,30,140,2026-07-13T15:26:41.66499+00:00,2026-07-13T15:26:41.66499+00:00,2026-08-04,2026-09-03,0.3,b492cc3e-9023-4e9a-bdb6-f8e0d67a6a38,Occidente
99bab506-cf69-40e5-8a10-4e3bc9fc62a6,El manguito,Pavi 1,11.24,Y03,235420,2026-05-31,63,30,140,2026-07-13T15:26:41.66499+00:00,2026-07-13T15:26:41.66499+00:00,2026-08-02,2026-09-01,0.3,b492cc3e-9023-4e9a-bdb6-f8e0d67a6a38,Occidente
82f54117-c200-4a36-b536-557e7b83ec3e,Finca Camilero,L05 La pista 2,24.3,,,2026-05-28,63,30,140,2026-07-13T15:26:41.66499+00:00,2026-07-13T15:26:41.66499+00:00,2026-07-30,2026-08-29,0.3,0c8919af-5d88-46a5-ab77-43b3516d411f,
a436780e-d919-41bb-89fa-d78093d62ed1,Finca Camilero,La Casa 1,60.55,,,2026-05-19,63,30,140,2026-07-13T15:26:41.66499+00:00,2026-07-13T15:26:41.66499+00:00,2026-07-21,2026-08-20,0.3,0c8919af-5d88-46a5-ab77-43b3516d411f,
280adb87-ec68-41f8-8e9e-d694f7787e79,Finca Camilero,La Casa 2,55.11,,,2026-05-26,63,30,140,2026-07-13T15:26:41.66499+00:00,2026-07-13T15:26:41.66499+00:00,2026-07-28,2026-08-27,0.3,0c8919af-5d88-46a5-ab77-43b3516d411f,
f02afbc7-2fa3-4f46-92f8-5a88a95e0803,Finca Camilero,La Casa 3,23.4,,,2026-05-27,63,30,140,2026-07-13T15:26:41.66499+00:00,2026-07-13T15:26:41.66499+00:00,2026-07-29,2026-08-28,0.3,0c8919af-5d88-46a5-ab77-43b3516d411f,
6caaa418-203f-4587-9677-9d1e31ede8da,Finca Camilero,La Pista 1,24.26,,,2026-05-29,63,30,140,2026-07-13T15:26:41.66499+00:00,2026-07-13T15:26:41.66499+00:00,2026-07-31,2026-08-30,0.3,0c8919af-5d88-46a5-ab77-43b3516d411f,
0f3e9126-a65d-414f-a4c4-64a768721216,Finca La Campesina,El Guasimo,28.71,B01,235263,2026-04-30,63,30,140,2026-07-13T15:26:41.66499+00:00,2026-07-13T15:26:41.66499+00:00,2026-07-02,2026-08-01,0.3,2332c09c-7d53-4563-b57b-2933c2a7a09b,Occidente
0e41533b-87d2-4276-b2dc-cb6d443bdf0b,Finca La Campesina,El Tanque,16.81,B01,235263,2026-04-29,63,30,140,2026-07-13T15:26:41.66499+00:00,2026-07-13T15:26:41.66499+00:00,2026-07-01,2026-07-31,0.3,2332c09c-7d53-4563-b57b-2933c2a7a09b,Occidente
68de25e0-970c-4e7b-a320-a698b4f6d605,Finca La Campesina,La Ceiba,20.6,B01,235263,2026-04-29,63,30,140,2026-07-13T15:26:41.66499+00:00,2026-07-13T15:26:41.66499+00:00,2026-07-01,2026-07-31,0.3,2332c09c-7d53-4563-b57b-2933c2a7a09b,Occidente
dcfd1499-20dd-4342-8a05-e49be9ccc997,Finca La Campesina,La Mariera,60.88,B01,235263,2026-04-28,63,30,140,2026-07-13T15:26:41.66499+00:00,2026-07-13T15:26:41.66499+00:00,2026-06-30,2026-07-30,0.3,2332c09c-7d53-4563-b57b-2933c2a7a09b,Occidente
bd732e00-9929-4122-bda9-d9d6a4320535,Finca La Campesina,Los Pepes 1,53,B01,235263,2026-05-04,63,30,140,2026-07-13T15:26:41.66499+00:00,2026-07-13T15:26:41.66499+00:00,2026-07-06,2026-08-05,0.3,2332c09c-7d53-4563-b57b-2933c2a7a09b,Occidente
9ec86aae-f6a9-42e9-b14c-6506fcc30c1b,Finca La Campesina,Los Pepes 2,8.78,B01,235263,2026-05-05,63,30,140,2026-07-13T15:26:41.66499+00:00,2026-07-13T15:26:41.66499+00:00,2026-07-07,2026-08-06,0.3,2332c09c-7d53-4563-b57b-2933c2a7a09b,Occidente
f129db6e-1770-468c-8647-b18c5ecba6a5,Finca La Campesina,Pelo e Mula,51.13,B01,235263,2026-04-30,63,30,140,2026-07-13T15:26:41.66499+00:00,2026-07-13T15:26:41.66499+00:00,2026-07-02,2026-08-01,0.3,2332c09c-7d53-4563-b57b-2933c2a7a09b,Occidente
b042dd6d-4f09-4db4-a202-7c741ba70aae,Finca La Campesina,Revilla 1,55.82,B01,235263,2026-05-02,63,30,140,2026-07-13T15:26:41.66499+00:00,2026-07-13T15:26:41.66499+00:00,2026-07-04,2026-08-03,0.3,2332c09c-7d53-4563-b57b-2933c2a7a09b,Occidente
96c2be98-1632-46dc-8418-87bc935cc125,Finca La Campesina,Revilla 2,65.81,B01,235263,2026-05-04,63,30,140,2026-07-13T15:26:41.66499+00:00,2026-07-13T15:26:41.66499+00:00,2026-07-06,2026-08-05,0.3,2332c09c-7d53-4563-b57b-2933c2a7a09b,Occidente
3b144731-86cd-4856-9137-d00b9e69a670,Finca La Padillera,La Padillera 1,41.32,P16,235240,2026-05-24,63,30,140,2026-07-13T15:26:41.66499+00:00,2026-07-13T15:26:41.66499+00:00,2026-07-26,2026-08-25,0.3,3170b386-6ce8-455e-b0de-42779c58ea92,Occidente
414243e8-fc22-4d60-86c6-64d2ddeb53d3,Finca La Padillera,Las Coromoticos 1,6.78,P16,235240,2026-05-22,63,30,140,2026-07-13T15:26:41.66499+00:00,2026-07-13T15:26:41.66499+00:00,2026-07-24,2026-08-23,0.3,3170b386-6ce8-455e-b0de-42779c58ea92,Occidente
aedead7d-1c51-4a37-956c-22a030327cb8,Finca La Padillera,Las Coromoticos 2,6.24,P16,235240,2026-05-22,63,30,140,2026-07-13T15:26:41.66499+00:00,2026-07-13T15:26:41.66499+00:00,2026-07-24,2026-08-23,0.3,3170b386-6ce8-455e-b0de-42779c58ea92,Occidente
51de8ec9-612f-48f0-b790-78414fc4abfa,Finca La Padillera,Los Manguitos,25.86,P16,235240,2026-05-05,63,30,140,2026-07-13T15:26:41.66499+00:00,2026-07-13T15:26:41.66499+00:00,2026-07-07,2026-08-06,0.3,3170b386-6ce8-455e-b0de-42779c58ea92,Occidente
32749415-204e-4346-8a37-9fe827d34530,Finca Montes de Luna,Las 10,9.76,P17,235347,,63,30,140,2026-07-13T15:26:41.66499+00:00,2026-07-13T15:26:41.66499+00:00,,,0.3,bfe32c59-ce11-440b-96ca-56150ed1716a,Occidente
a860e380-8a66-4c52-b476-489917e58aba,Finca Montes de Luna,Las 12,11.68,P17,235347,,63,30,140,2026-07-13T15:26:41.66499+00:00,2026-07-13T15:26:41.66499+00:00,,,0.3,bfe32c59-ce11-440b-96ca-56150ed1716a,Occidente
d8bd190b-2604-48eb-9832-8065ac8d035e,Finca Montes de Luna,Las 14,13.4,P17,235347,2026-05-11,63,30,140,2026-07-13T15:26:41.66499+00:00,2026-07-13T15:26:41.66499+00:00,2026-07-13,2026-08-12,0.3,bfe32c59-ce11-440b-96ca-56150ed1716a,Occidente
e0a1c69a-82ba-4d8c-bfe1-15666ef4e38c,Finca Montes de Luna,Las 15,13.24,P17,235347,2026-05-11,63,30,140,2026-07-13T15:26:41.66499+00:00,2026-07-13T15:26:41.66499+00:00,2026-07-13,2026-08-12,0.3,bfe32c59-ce11-440b-96ca-56150ed1716a,Occidente
2ca4def8-00f3-4a0c-bf50-953e20a60b71,Finca Montes de Luna,Las 25,25.61,P17,235347,,63,30,140,2026-07-13T15:26:41.66499+00:00,2026-07-13T15:26:41.66499+00:00,,,0.3,bfe32c59-ce11-440b-96ca-56150ed1716a,Occidente
7adbd076-899f-43fa-bb17-d46e4444925b,Finca Montes de Luna,Las 30,28.1,P17,235347,2026-05-11,63,30,140,2026-07-13T15:26:41.66499+00:00,2026-07-13T15:26:41.66499+00:00,2026-07-13,2026-08-12,0.3,bfe32c59-ce11-440b-96ca-56150ed1716a,Occidente
fddc878d-13d5-4524-b4cc-3fec7d33398f,Finca Montes de Luna,Las 36,34.67,P17,235347,,63,30,140,2026-07-13T15:26:41.66499+00:00,2026-07-13T15:26:41.66499+00:00,,,0.3,bfe32c59-ce11-440b-96ca-56150ed1716a,Occidente
7201515b-46bd-4f92-b888-5bcd0e6eea91,Finca Montes de Luna,Las 40,38,P17,235347,2026-05-13,63,30,140,2026-07-13T15:26:41.66499+00:00,2026-07-13T15:26:41.66499+00:00,2026-07-15,2026-08-14,0.3,bfe32c59-ce11-440b-96ca-56150ed1716a,Occidente
12d1cd50-6e79-41b0-bdbe-670820f5c241,Finca Montes de Luna,"Las 6 + 1,7 + 0,4",0,P17,235347,,63,30,140,2026-07-13T15:26:41.66499+00:00,2026-07-13T15:26:41.66499+00:00,,,0.3,bfe32c59-ce11-440b-96ca-56150ed1716a,Occidente
7eee6a3c-5642-4f54-aa3e-ce0fe307fee8,Juan Hilario,Ciruelo,118.67,,,2026-06-10,63,30,140,2026-07-13T15:26:41.66499+00:00,2026-07-13T15:26:41.66499+00:00,2026-08-12,2026-09-11,0.3,3cee0691-8a38-4379-b3f2-ee96d57d8a57,
a3230c98-9e23-4ba9-89a9-bba443c610f1,Juan Hilario,Cosechadora quemada 1,23.91,,,2026-06-07,63,30,140,2026-07-13T15:26:41.66499+00:00,2026-07-13T15:26:41.66499+00:00,2026-08-09,2026-09-08,0.3,3cee0691-8a38-4379-b3f2-ee96d57d8a57,
0b525207-3849-4ea6-ace9-8a444eaa8b13,Juan Hilario,Cosechadora quemada 5,17.31,,,2026-05-29,63,30,140,2026-07-13T15:26:41.66499+00:00,2026-07-13T15:26:41.66499+00:00,2026-07-31,2026-08-30,0.3,3cee0691-8a38-4379-b3f2-ee96d57d8a57,
348db4e8-93d4-44e0-ab17-6bd08e3d2102,Juan Hilario,Cosechadora quemada 6,23.7,,,2026-05-29,63,30,140,2026-07-13T15:26:41.66499+00:00,2026-07-13T15:26:41.66499+00:00,2026-07-31,2026-08-30,0.3,3cee0691-8a38-4379-b3f2-ee96d57d8a57,
b7510e44-eadb-44a2-b383-ea6c995ec47b,Juan Hilario,Detrás del galpón 1,48.23,,,2026-05-27,63,30,140,2026-07-13T15:26:41.66499+00:00,2026-07-13T15:26:41.66499+00:00,2026-07-29,2026-08-28,0.3,3cee0691-8a38-4379-b3f2-ee96d57d8a57,
9cb8168e-5ff8-43c0-9cae-a1664a764017,Juan Hilario,Detrás del galpón 2,25.28,,,2026-05-28,63,30,140,2026-07-13T15:26:41.66499+00:00,2026-07-13T15:26:41.66499+00:00,2026-07-30,2026-08-29,0.3,3cee0691-8a38-4379-b3f2-ee96d57d8a57,
733658b7-c234-4dcd-8f3c-ed0d067b4d42,Juan Hilario,El Trailer 1,32.15,,,2026-06-02,63,30,140,2026-07-13T15:26:41.66499+00:00,2026-07-13T15:26:41.66499+00:00,2026-08-04,2026-09-03,0.3,3cee0691-8a38-4379-b3f2-ee96d57d8a57,
152d51d3-ee0d-48a2-a5d5-acbcd3e9b2ce,Juan Hilario,El Trailer 2,27.71,,,2026-06-02,63,30,140,2026-07-13T15:26:41.66499+00:00,2026-07-13T15:26:41.66499+00:00,2026-08-04,2026-09-03,0.3,3cee0691-8a38-4379-b3f2-ee96d57d8a57,
0eb1a874-179e-4b36-9469-92e98d62c938,Juan Hilario,El Trailer 3,31.99,,,2026-06-03,63,30,140,2026-07-13T15:26:41.66499+00:00,2026-07-13T15:26:41.66499+00:00,2026-08-05,2026-09-04,0.3,3cee0691-8a38-4379-b3f2-ee96d57d8a57,
9d625ed5-2e81-4cbd-9d40-31b051b4ea8e,Juan Hilario,El Trailer 4,18.03,,,2026-06-03,63,30,140,2026-07-13T15:26:41.66499+00:00,2026-07-13T15:26:41.66499+00:00,2026-08-05,2026-09-04,0.3,3cee0691-8a38-4379-b3f2-ee96d57d8a57,
b7721501-84a8-492d-a86c-22d9bf27d7c8,Juan Hilario,El Trailer 5,12.1,,,2026-06-04,63,30,140,2026-07-13T15:26:41.66499+00:00,2026-07-13T15:26:41.66499+00:00,2026-08-06,2026-09-05,0.3,3cee0691-8a38-4379-b3f2-ee96d57d8a57,
1553c417-54a1-416e-8d3f-49084f66c5ac,Juan Hilario,Leo,92.47,,,2026-06-12,63,30,140,2026-07-13T15:26:41.66499+00:00,2026-07-13T15:26:41.66499+00:00,2026-08-14,2026-09-13,0.3,3cee0691-8a38-4379-b3f2-ee96d57d8a57,
62786119-617b-4983-bc9f-28b669b1a665,La Ceiba,Antonio Gaiza,7.77,Y02,235411,2026-05-20,63,30,140,2026-07-13T15:26:41.66499+00:00,2026-07-13T15:26:41.66499+00:00,2026-07-22,2026-08-21,0.3,15dabc7e-6ee6-415d-b84d-6f95e52d7d81,Occidente
84d788ab-4dac-49fe-900e-899f423d3c29,La Ceiba,El Corral,11.74,Y02,235411,2026-05-23,63,30,140,2026-07-13T15:26:41.66499+00:00,2026-07-13T15:26:41.66499+00:00,2026-07-25,2026-08-24,0.3,15dabc7e-6ee6-415d-b84d-6f95e52d7d81,Occidente
83794207-c5d3-45f7-8dea-7975f0b174ea,La Ceiba,El Galpón,29.72,Y02,235411,2026-05-28,63,30,140,2026-07-13T15:26:41.66499+00:00,2026-07-13T15:26:41.66499+00:00,2026-07-30,2026-08-29,0.3,15dabc7e-6ee6-415d-b84d-6f95e52d7d81,Occidente
ea9bdd86-30a3-428e-8378-657edee59cbf,La Ceiba,Pollera,7.7,Y02,235411,2026-05-21,63,30,140,2026-07-13T15:26:41.66499+00:00,2026-07-13T15:26:41.66499+00:00,2026-07-23,2026-08-22,0.3,15dabc7e-6ee6-415d-b84d-6f95e52d7d81,Occidente
25c60eee-d69f-4d8d-acbf-e24d232566b8,La Colina,Parcela 170,29.65,P08,212609,2026-05-06,63,30,140,2026-07-13T15:26:41.66499+00:00,2026-07-13T15:26:41.66499+00:00,2026-07-08,2026-08-07,0.3,5ac33a1b-961b-427d-8986-4334faaaf6c6,Occidente
d26a8175-7918-484f-afe4-bcfa19a83185,La Colina,Parcela 171-172,65.3,P08,212609,2026-05-06,63,30,140,2026-07-13T15:26:41.66499+00:00,2026-07-13T15:26:41.66499+00:00,2026-07-08,2026-08-07,0.3,5ac33a1b-961b-427d-8986-4334faaaf6c6,Occidente
4a9d0b47-8b81-4bac-bfee-5fca325aac50,La Graciosa,El Porvenir,39.15,G11,238350,2026-06-01,63,30,140,2026-07-13T15:26:41.66499+00:00,2026-07-13T15:26:41.66499+00:00,2026-08-03,2026-09-02,0.3,4b5cb75c-ac11-471f-9e09-63814729b925,Oriente
20157979-7a4b-48d9-a7c6-f4a75e602c7f,La Graciosa,La Palmita 1,15.23,G11,238350,2026-05-21,63,30,140,2026-07-13T15:26:41.66499+00:00,2026-07-13T15:26:41.66499+00:00,2026-07-23,2026-08-22,0.3,4b5cb75c-ac11-471f-9e09-63814729b925,Oriente
b140e14c-43ec-43f2-b852-fd22dcff80e9,La Graciosa,La Palmita 2,29.51,G11,238350,2026-05-22,63,30,140,2026-07-13T15:26:41.66499+00:00,2026-07-13T15:26:41.66499+00:00,2026-07-24,2026-08-23,0.3,4b5cb75c-ac11-471f-9e09-63814729b925,Oriente
32201316-debd-4eaf-a3d6-98444a4900e2,La Graciosa,Los Morochos,71.22,G11,238350,2026-05-27,63,30,140,2026-07-13T15:26:41.66499+00:00,2026-07-13T15:26:41.66499+00:00,2026-07-29,2026-08-28,0.3,4b5cb75c-ac11-471f-9e09-63814729b925,Oriente
be11b6b9-01c3-410c-95e0-9d11df353efc,La Graciosa,Magallanes,35.39,G11,238350,2026-06-07,63,30,140,2026-07-13T15:26:41.66499+00:00,2026-07-13T15:26:41.66499+00:00,2026-08-09,2026-09-08,0.3,4b5cb75c-ac11-471f-9e09-63814729b925,Oriente
332a5b09-6066-4793-b8e7-cbfa23857372,La vaquera,Betsi,14.21,Y04,235597,2026-06-06,63,30,140,2026-07-13T15:26:41.66499+00:00,2026-07-13T15:26:41.66499+00:00,2026-08-08,2026-09-07,0.3,cc8ea43a-7bae-4a1e-97cf-08e7b79a8283,Occidente
8dd3e28d-2029-463e-8b79-8620b90e4ba9,La vaquera,Caro caro 1,11.86,Y04,235597,2026-05-31,63,30,140,2026-07-13T15:26:41.66499+00:00,2026-07-13T15:26:41.66499+00:00,2026-08-02,2026-09-01,0.3,cc8ea43a-7bae-4a1e-97cf-08e7b79a8283,Occidente
60a98156-36f8-4ff5-b423-c486a6febc05,La vaquera,Grande,11.2,Y04,235597,2026-06-16,63,30,140,2026-07-13T15:26:41.66499+00:00,2026-07-13T15:26:41.66499+00:00,2026-08-18,2026-09-17,0.3,cc8ea43a-7bae-4a1e-97cf-08e7b79a8283,Occidente
b9e2e7ea-6831-46ad-801b-9c8960afc0dd,La vaquera,La Entrada,2.44,Y04,235597,2026-06-19,63,30,140,2026-07-13T15:26:41.66499+00:00,2026-07-13T15:26:41.66499+00:00,2026-08-21,2026-09-20,0.3,cc8ea43a-7bae-4a1e-97cf-08e7b79a8283,Occidente
39434e2e-460f-4a9a-bde7-5fc68435994a,La vaquera,Las 3 ha,1.7,Y04,235597,2026-06-20,63,30,140,2026-07-13T15:26:41.66499+00:00,2026-07-13T15:26:41.66499+00:00,2026-08-22,2026-09-21,0.3,cc8ea43a-7bae-4a1e-97cf-08e7b79a8283,Occidente
d214f04d-8808-4eda-9f30-acbf4fcb274f,La vaquera,Las Torres,12.82,Y04,235597,2026-05-29,63,30,140,2026-07-13T15:26:41.66499+00:00,2026-07-13T15:26:41.66499+00:00,2026-07-31,2026-08-30,0.3,cc8ea43a-7bae-4a1e-97cf-08e7b79a8283,Occidente
9dcf22c2-05bc-4245-8208-debe4a2d6105,La vaquera,Los Aguacates,2.77,Y04,235597,2026-06-05,63,30,140,2026-07-13T15:26:41.66499+00:00,2026-07-13T15:26:41.66499+00:00,2026-08-07,2026-09-06,0.3,cc8ea43a-7bae-4a1e-97cf-08e7b79a8283,Occidente
58930a46-28d1-4153-a425-5041d3e0694d,La vaquera,Lote 1,24.47,Y04,235597,2026-06-14,63,30,140,2026-07-13T15:26:41.66499+00:00,2026-07-13T15:26:41.66499+00:00,2026-08-16,2026-09-15,0.3,cc8ea43a-7bae-4a1e-97cf-08e7b79a8283,Occidente
40497e37-11a5-40c2-bd1f-00ad544d6607,La vaquera,Lucas,8.85,Y04,235597,2026-06-04,63,30,140,2026-07-13T15:26:41.66499+00:00,2026-07-13T15:26:41.66499+00:00,2026-08-06,2026-09-05,0.3,cc8ea43a-7bae-4a1e-97cf-08e7b79a8283,Occidente
9c3b9f56-6143-4420-a685-fbee350cc01f,La vaquera,Neco,6.1,Y04,235597,2026-06-10,63,30,140,2026-07-13T15:26:41.66499+00:00,2026-07-13T15:26:41.66499+00:00,2026-08-12,2026-09-11,0.3,cc8ea43a-7bae-4a1e-97cf-08e7b79a8283,Occidente
a1e2db0a-7600-488e-8dc1-856cff5cb84d,La vaquera,Willi,5.46,Y04,235597,2026-06-10,63,30,140,2026-07-13T15:26:41.66499+00:00,2026-07-13T15:26:41.66499+00:00,2026-08-12,2026-09-11,0.3,cc8ea43a-7bae-4a1e-97cf-08e7b79a8283,Occidente
21354b7b-4e5e-4d94-a76d-303882311642,Las Cupulas,L01 LOTE 1A,26.53,P10,212695,2026-04-24,63,30,140,2026-07-13T15:26:41.66499+00:00,2026-07-13T15:26:41.66499+00:00,2026-06-26,2026-07-26,0.3,cadf7db4-b301-4aa3-b273-5f748418f2af,Occidente
a9ba524c-81d9-404f-8d5f-067aa10988f6,Las Cupulas,L02 LOTE 1B,33.3,P10,212695,2026-04-23,63,30,140,2026-07-13T15:26:41.66499+00:00,2026-07-13T15:26:41.66499+00:00,2026-06-25,2026-07-25,0.3,cadf7db4-b301-4aa3-b273-5f748418f2af,Occidente
ffbf2b7b-cfb6-4a97-a959-b31cc0a04dd7,Las Cupulas,L06 LOTE-04,26.31,P10,212695,2026-04-21,63,30,140,2026-07-13T15:26:41.66499+00:00,2026-07-13T15:26:41.66499+00:00,2026-06-23,2026-07-23,0.3,cadf7db4-b301-4aa3-b273-5f748418f2af,Occidente
8982bf78-f197-4170-9026-e58f752a51ee,Las Cupulas,L07 LOTE-05,14.56,P10,212695,2026-05-01,63,30,140,2026-07-13T15:26:41.66499+00:00,2026-07-13T15:26:41.66499+00:00,2026-07-03,2026-08-02,0.3,cadf7db4-b301-4aa3-b273-5f748418f2af,Occidente
46a27a1e-dff3-4415-bdc0-fbfb18d94d22,Las Cupulas,L08 LOTE-06,9.19,P10,212695,2026-04-22,63,30,140,2026-07-13T15:26:41.66499+00:00,2026-07-13T15:26:41.66499+00:00,2026-06-24,2026-07-24,0.3,cadf7db4-b301-4aa3-b273-5f748418f2af,Occidente
22b7966f-1f56-4d15-bfdc-3dfa6dbbc8bb,Las Cupulas,L09 LOTE-07,7.89,P10,212695,2026-04-21,63,30,140,2026-07-13T15:26:41.66499+00:00,2026-07-13T15:26:41.66499+00:00,2026-06-23,2026-07-23,0.3,cadf7db4-b301-4aa3-b273-5f748418f2af,Occidente
24bd0cbb-0814-4774-bb5a-6e9c2f9fc955,Las Cupulas,L10 LOTE-08,17.74,P10,212695,2026-04-25,63,30,140,2026-07-13T15:26:41.66499+00:00,2026-07-13T15:26:41.66499+00:00,2026-06-27,2026-07-27,0.3,cadf7db4-b301-4aa3-b273-5f748418f2af,Occidente
f8302450-521e-4ecf-bcf9-80849b89390f,Las Cupulas,L11 LOTE-09,32.09,P10,212695,2026-04-22,63,30,140,2026-07-13T15:26:41.66499+00:00,2026-07-13T15:26:41.66499+00:00,2026-06-24,2026-07-24,0.3,cadf7db4-b301-4aa3-b273-5f748418f2af,Occidente
d3084104-dc18-4db9-bed3-34856f70877a,Las Cupulas,Villa Marina 2,16,P10,212695,2026-04-30,63,30,140,2026-07-13T15:26:41.66499+00:00,2026-07-13T15:26:41.66499+00:00,2026-07-02,2026-08-01,0.3,cadf7db4-b301-4aa3-b273-5f748418f2af,Occidente
19fb02c0-9102-4a92-832e-68cc39dad695,Las Cupulas,Villa Marina 3,13.98,P10,212695,2026-05-22,63,30,140,2026-07-13T15:26:41.66499+00:00,2026-07-13T15:26:41.66499+00:00,2026-07-24,2026-08-23,0.3,cadf7db4-b301-4aa3-b273-5f748418f2af,Occidente
41c9f08f-79c8-43e3-a36f-4391e3f3bd62,Los Espinitos,El Galpón,123,G02,186669,2026-05-30,63,30,140,2026-07-13T15:26:41.66499+00:00,2026-07-13T15:26:41.66499+00:00,2026-08-01,2026-08-31,0.3,7529713f-df3e-478b-8388-057af7a47ef1,Oriente
fa74d088-e208-4b65-9f03-d3469b9e19b8,Los Espinitos,El Muerto,32.81,G02,186669,2026-06-02,63,30,140,2026-07-13T15:26:41.66499+00:00,2026-07-13T15:26:41.66499+00:00,2026-08-04,2026-09-03,0.3,7529713f-df3e-478b-8388-057af7a47ef1,Oriente
d0ca6fc1-2dda-4c51-ace9-6e7b37d1cc04,Acentamiento campesino El rodeo,Agua Viva,10.07,Y06,238060,2026-06-10,63,30,140,2026-07-13T15:26:41.66499+00:00,2026-07-13T15:26:41.66499+00:00,2026-08-12,2026-09-11,0.3,0100793b-735f-4f31-9259-78155d4b698b,Occidente
04c3a825-6653-4fa9-a1e3-3eba110cb9e7,Acentamiento campesino El rodeo,El Galpón,3.4,Y06,238060,2026-06-01,63,30,140,2026-07-13T15:26:41.66499+00:00,2026-07-13T15:26:41.66499+00:00,2026-08-03,2026-09-02,0.3,0100793b-735f-4f31-9259-78155d4b698b,Occidente
1e0c953d-1d97-4f25-aded-cbb504372949,Acentamiento campesino El rodeo,El Jobo,7.02,Y06,238060,2026-06-01,63,30,140,2026-07-13T15:26:41.66499+00:00,2026-07-13T15:26:41.66499+00:00,2026-08-03,2026-09-02,0.3,0100793b-735f-4f31-9259-78155d4b698b,Occidente
c694a685-5690-4081-ba89-4f4babbf7bec,Acentamiento campesino El rodeo,La Galindera 1,10.37,Y06,238060,2026-06-06,63,30,140,2026-07-13T15:26:41.66499+00:00,2026-07-13T15:26:41.66499+00:00,2026-08-08,2026-09-07,0.3,0100793b-735f-4f31-9259-78155d4b698b,Occidente
7826e623-d598-4bdc-a007-1e059b10aab7,Acentamiento campesino El rodeo,La Galindera 2,12.57,Y06,238060,2026-06-06,63,30,140,2026-07-13T15:26:41.66499+00:00,2026-07-13T15:26:41.66499+00:00,2026-08-08,2026-09-07,0.3,0100793b-735f-4f31-9259-78155d4b698b,Occidente
2a3b32fa-662b-4f06-86f5-36ac43b96d33,Acentamiento campesino El rodeo,La Galindera 3,9.43,Y06,238060,2026-06-09,63,30,140,2026-07-13T15:26:41.66499+00:00,2026-07-13T15:26:41.66499+00:00,2026-08-11,2026-09-10,0.3,0100793b-735f-4f31-9259-78155d4b698b,Occidente
d18cdedd-1533-4bb7-9970-a90dcd631787,Acentamiento campesino El rodeo,La Galindera 4,13.18,Y06,238060,2026-06-04,63,30,140,2026-07-13T15:26:41.66499+00:00,2026-07-13T15:26:41.66499+00:00,2026-08-06,2026-09-05,0.3,0100793b-735f-4f31-9259-78155d4b698b,Occidente
802ed6c6-d11b-42a7-8c10-f02df070cd3d,Acentamiento campesino El rodeo,Las Carmelitas 1,28.82,Y06,238060,2026-05-28,63,30,140,2026-07-13T15:26:41.66499+00:00,2026-07-13T15:26:41.66499+00:00,2026-07-30,2026-08-29,0.3,0100793b-735f-4f31-9259-78155d4b698b,Occidente
7fcc70cf-2db8-40d6-9469-3f6416527f13,Acentamiento campesino El rodeo,Las Carmelitas 2,14.7,Y06,238060,2026-05-29,63,30,140,2026-07-13T15:26:41.66499+00:00,2026-07-13T15:26:41.66499+00:00,2026-07-31,2026-08-30,0.3,0100793b-735f-4f31-9259-78155d4b698b,Occidente
49e4abc9-6ccd-4584-89cf-e9aa5ec963f3,Acentamiento campesino El rodeo,Las Carmelitas 3,7.55,Y06,238060,2026-05-31,63,30,140,2026-07-13T15:26:41.66499+00:00,2026-07-13T15:26:41.66499+00:00,2026-08-02,2026-09-01,0.3,0100793b-735f-4f31-9259-78155d4b698b,Occidente
647f85f2-795a-41e3-83d1-d8524482c807,Acentamiento campesino El rodeo,Los Generales,17.81,Y06,238060,2026-06-12,63,30,140,2026-07-13T15:26:41.66499+00:00,2026-07-13T15:26:41.66499+00:00,2026-08-14,2026-09-13,0.3,0100793b-735f-4f31-9259-78155d4b698b,Occidente
ac26d637-1354-4f4e-bc5f-213f47e00755,Agropecuaria Alma,La Laguna,62.56,P08,212609,2026-05-30,63,30,140,2026-07-13T15:26:41.66499+00:00,2026-07-13T15:26:41.66499+00:00,2026-08-01,2026-08-31,0.3,6950141d-640a-47f7-981b-7e047b5c2502,Occidente
8543a640-bab6-490e-95e5-d51977616414,Agropecuaria Alma,La Mora,43.54,P08,212609,2026-05-29,63,30,140,2026-07-13T15:26:41.66499+00:00,2026-07-13T15:26:41.66499+00:00,2026-07-31,2026-08-30,0.3,6950141d-640a-47f7-981b-7e047b5c2502,Occidente
6dd3c518-edab-4522-aa03-9e0f94bbbfe1,Agropecuaria Alma,LAS 35,33.08,P08,212609,2026-04-28,63,30,140,2026-07-13T15:26:41.66499+00:00,2026-07-13T15:26:41.66499+00:00,2026-06-30,2026-07-30,0.3,6950141d-640a-47f7-981b-7e047b5c2502,Occidente
61f84380-ee6e-4215-be7f-4dcf2999f3e2,Agropecuaria Alma,LOTE-01,29.84,P08,212609,2026-05-01,63,30,140,2026-07-13T15:26:41.66499+00:00,2026-07-13T15:26:41.66499+00:00,2026-07-03,2026-08-02,0.3,6950141d-640a-47f7-981b-7e047b5c2502,Occidente
88a4cd40-a342-4261-a568-02d2da16730e,Agropecuaria Alma,LOTE-02,20.48,P08,212609,2026-05-01,63,30,140,2026-07-13T15:26:41.66499+00:00,2026-07-13T15:26:41.66499+00:00,2026-07-03,2026-08-02,0.3,6950141d-640a-47f7-981b-7e047b5c2502,Occidente
50d591bf-7d43-4cf1-8d33-45f5b4cbc9f4,Agropecuaria Alma,LOTE-03,19.9,P08,212609,2026-04-30,63,30,140,2026-07-13T15:26:41.66499+00:00,2026-07-13T15:26:41.66499+00:00,2026-07-02,2026-08-01,0.3,6950141d-640a-47f7-981b-7e047b5c2502,Occidente
43e91c42-7bb0-4c8b-b5af-a1adf3e96410,Agropecuaria Alma,LOTE-04,15.83,P08,212609,2026-04-30,63,30,140,2026-07-13T15:26:41.66499+00:00,2026-07-13T15:26:41.66499+00:00,2026-07-02,2026-08-01,0.3,6950141d-640a-47f7-981b-7e047b5c2502,Occidente
4f1bf8d9-082f-4d7d-83a6-d20796e2925d,Agropecuaria Dos Caminos,Dugarte 1,22.31,P19,236176,2026-06-19,63,30,140,2026-07-13T15:26:41.66499+00:00,2026-07-13T15:26:41.66499+00:00,2026-08-21,2026-09-20,0.3,4d8f0268-961d-4d03-b75a-a944385d9c46,Occidente
7b61a69f-69e5-4f88-8447-1a414c3b0fc2,Agropecuaria Dos Caminos,Dugarte 2,19.05,P19,236176,2026-06-16,63,30,140,2026-07-13T15:26:41.66499+00:00,2026-07-13T15:26:41.66499+00:00,2026-08-18,2026-09-17,0.3,4d8f0268-961d-4d03-b75a-a944385d9c46,Occidente
c4ec995d-fbf4-4f15-8f34-63724d7a16fa,Las Cupulas,Villa Marina 1,15.63,P10,212695,2026-04-29,63,30,140,2026-07-13T15:26:41.66499+00:00,2026-07-21T22:33:41.259348+00:00,2026-07-01,2026-07-31,0.3,cadf7db4-b301-4aa3-b273-5f748418f2af,Occidente
48b044df-eedb-4c67-87d1-97804decfdef,Juan Hilario,julio 1,56.41,,,2026-06-06,63,30,140,2026-07-13T15:26:41.66499+00:00,2026-07-21T22:33:41.259348+00:00,2026-08-08,2026-09-07,0.3,3cee0691-8a38-4379-b3f2-ee96d57d8a57,
7acc3ec9-eeef-47a0-881e-36a8353eb302,Juan Hilario,Julio 2,24.75,,,2026-06-06,63,30,140,2026-07-13T15:26:41.66499+00:00,2026-07-21T22:33:41.259348+00:00,2026-08-08,2026-09-07,0.3,3cee0691-8a38-4379-b3f2-ee96d57d8a57,
b0ed6fbc-abb3-4cd6-b013-0b789a12a22a,San Antonio,L06 LOTE 7C,29.72,P06,212516,2026-05-30,63,30,140,2026-07-13T15:26:41.66499+00:00,2026-07-13T15:26:41.66499+00:00,2026-08-01,2026-08-31,0.3,63e7bd07-3c95-4992-83ad-ac639bec979d,Occidente
e672ab6a-c8a5-43ff-9776-80f87b779fce,San Antonio,L07 LOTE-08,69.85,P06,212516,2026-05-28,63,30,140,2026-07-13T15:26:41.66499+00:00,2026-07-13T15:26:41.66499+00:00,2026-07-30,2026-08-29,0.3,63e7bd07-3c95-4992-83ad-ac639bec979d,Occidente
227fc949-f570-4301-9b0e-f976857c35a4,San Pedro,La Unión,91.9,G10,238339,2026-05-28,63,30,140,2026-07-13T15:26:41.66499+00:00,2026-07-13T15:26:41.66499+00:00,2026-07-30,2026-08-29,0.3,67838075-1124-41ea-b06c-5730fe84842f,Oriente
2ee2d7da-5f06-483e-bf03-77350defcfd0,San Pedro,Laguna Grande,35.33,G10,238339,2026-06-10,63,30,140,2026-07-13T15:26:41.66499+00:00,2026-07-13T15:26:41.66499+00:00,2026-08-12,2026-09-11,0.3,67838075-1124-41ea-b06c-5730fe84842f,Oriente
3038661b-9d83-428f-9775-7df45290ef9d,San Pedro,Los Muertos,77.35,G10,238339,2026-05-21,63,30,140,2026-07-13T15:26:41.66499+00:00,2026-07-13T15:26:41.66499+00:00,2026-07-23,2026-08-22,0.3,67838075-1124-41ea-b06c-5730fe84842f,Oriente
31034093-3088-41a9-9948-bbb427097e9e,San Pedro,Portón Azul,24.51,G10,238339,2026-05-29,63,30,140,2026-07-13T15:26:41.66499+00:00,2026-07-13T15:26:41.66499+00:00,2026-07-31,2026-08-30,0.3,67838075-1124-41ea-b06c-5730fe84842f,Oriente
ef8fb276-16c8-47ab-b122-1798c47f2660,Los Espinitos,L01 LOTE DETRÁS DE LA CASA,12.71,G02,186669,2026-05-31,63,30,140,2026-07-13T15:26:41.66499+00:00,2026-07-13T15:26:41.66499+00:00,2026-08-02,2026-09-01,0.3,7529713f-df3e-478b-8388-057af7a47ef1,Oriente
21739ad5-631b-472d-b168-d22372b1c1bc,Los Espinitos,L02 LOTE LOS MANGOS,27.1,G02,186669,2026-05-19,63,30,140,2026-07-13T15:26:41.66499+00:00,2026-07-13T15:26:41.66499+00:00,2026-07-21,2026-08-20,0.3,7529713f-df3e-478b-8388-057af7a47ef1,Oriente
fff64211-9182-4b93-8cfd-714037e78315,Los Espinitos,L04 LOTE EL DRAGAL 1,63.92,G02,186669,2026-05-22,63,30,140,2026-07-13T15:26:41.66499+00:00,2026-07-13T15:26:41.66499+00:00,2026-07-24,2026-08-23,0.3,7529713f-df3e-478b-8388-057af7a47ef1,Oriente
a4f14b29-f9f4-486c-8202-ae7f5d35cae1,Los Espinitos,L05 LOTE EL DRAGAL 4,35.49,G02,186669,2026-05-27,63,30,140,2026-07-13T15:26:41.66499+00:00,2026-07-13T15:26:41.66499+00:00,2026-07-29,2026-08-28,0.3,7529713f-df3e-478b-8388-057af7a47ef1,Oriente
436c3d94-d3bf-4c44-bd90-ac53e625d0f3,Los Espinitos,L06 LOTE EL MANGO B,37.05,G02,186669,2026-05-20,63,30,140,2026-07-13T15:26:41.66499+00:00,2026-07-13T15:26:41.66499+00:00,2026-07-22,2026-08-21,0.3,7529713f-df3e-478b-8388-057af7a47ef1,Oriente
9b5d4495-8402-453a-b937-5b2ea11f0d08,Los Galo,Bernaldino 1+2,7.1,Y07,238570,2026-06-24,63,30,140,2026-07-13T15:26:41.66499+00:00,2026-07-13T15:26:41.66499+00:00,2026-08-26,2026-09-25,0.3,b9aec7c4-1470-4f61-bd0a-c0e88dbbc5f4,Occidente
b9dce86b-7791-49fd-938f-f2f60c240621,Los Galo,Bernaldino 3,11.32,Y07,238570,2026-05-24,63,30,140,2026-07-13T15:26:41.66499+00:00,2026-07-13T15:26:41.66499+00:00,2026-07-26,2026-08-25,0.3,b9aec7c4-1470-4f61-bd0a-c0e88dbbc5f4,Occidente
88bf6daa-e00f-4c66-b034-6962315377db,Los Galo,El Grande 1,24.49,Y07,238570,2026-05-21,63,30,140,2026-07-13T15:26:41.66499+00:00,2026-07-13T15:26:41.66499+00:00,2026-07-23,2026-08-22,0.3,b9aec7c4-1470-4f61-bd0a-c0e88dbbc5f4,Occidente
af76ad46-bc27-4f6f-a81c-a9e64230245d,Los Galo,El Grande 2,17.87,Y07,238570,2026-05-22,63,30,140,2026-07-13T15:26:41.66499+00:00,2026-07-13T15:26:41.66499+00:00,2026-07-24,2026-08-23,0.3,b9aec7c4-1470-4f61-bd0a-c0e88dbbc5f4,Occidente
5761d0ff-61b1-45de-b4ab-24a1ec89bd4d,Los Galo,El Mamón,37.99,Y07,238570,2026-06-25,63,30,140,2026-07-13T15:26:41.66499+00:00,2026-07-13T15:26:41.66499+00:00,2026-08-27,2026-09-26,0.3,b9aec7c4-1470-4f61-bd0a-c0e88dbbc5f4,Occidente
62c59f2f-0277-4f65-bbce-b4c9eb443417,Los Galo,El Samán,24.89,Y07,238570,2026-05-27,63,30,140,2026-07-13T15:26:41.66499+00:00,2026-07-13T15:26:41.66499+00:00,2026-07-29,2026-08-28,0.3,b9aec7c4-1470-4f61-bd0a-c0e88dbbc5f4,Occidente
0af30eaf-3848-4a2b-b3f1-a229206ffc25,Los Galo,La Autopista,8.02,Y07,238570,2026-05-28,63,30,140,2026-07-13T15:26:41.66499+00:00,2026-07-13T15:26:41.66499+00:00,2026-07-30,2026-08-29,0.3,b9aec7c4-1470-4f61-bd0a-c0e88dbbc5f4,Occidente
31d09810-1abe-4f2e-8893-aeea6b7d205a,Los Nivillos Mahomar,Casa Nueva,81.1,G06,213617,2026-05-20,63,30,140,2026-07-13T15:26:41.66499+00:00,2026-07-13T15:26:41.66499+00:00,2026-07-22,2026-08-21,0.3,92a16a00-1e29-48af-9648-9332f0beb3c1,Oriente
52e348b0-4918-4158-a5d7-3472e0b0854d,Los Nivillos Mahomar,L01 LOTE CIRUELA ABAJO,17.19,G06,213617,2026-05-22,63,30,140,2026-07-13T15:26:41.66499+00:00,2026-07-13T15:26:41.66499+00:00,2026-07-24,2026-08-23,0.3,92a16a00-1e29-48af-9648-9332f0beb3c1,Oriente
6c7f9251-0153-4ab2-9c81-5077ced0d92e,Los Nivillos Mahomar,L02 LOTE CIRUELA ARRIBA,21.09,G06,213617,2026-05-21,63,30,140,2026-07-13T15:26:41.66499+00:00,2026-07-13T15:26:41.66499+00:00,2026-07-23,2026-08-22,0.3,92a16a00-1e29-48af-9648-9332f0beb3c1,Oriente
9ecbb6b7-df6e-41fa-82f1-33c41c1ce385,San Ramon,L01 LOTE EL TANQUE-A,17.36,G01,185450,2026-05-29,63,30,140,2026-07-13T15:26:41.66499+00:00,2026-07-13T15:26:41.66499+00:00,2026-07-31,2026-08-30,0.3,715c7ef2-2748-4f8b-8586-1b5c3d385727,Oriente
39be1485-960a-4125-9713-2e2bd8d33f7b,San Ramon,L02 LOTE EL TANQUE-B,29.27,G01,185450,2026-05-29,63,30,140,2026-07-13T15:26:41.66499+00:00,2026-07-13T15:26:41.66499+00:00,2026-07-31,2026-08-30,0.3,715c7ef2-2748-4f8b-8586-1b5c3d385727,Oriente
ace057d6-8a5d-4546-8bc4-2ed4f62abe2d,San Ramon,L03 LOTE IGUANITAS,37.58,G01,185450,2026-05-20,63,30,140,2026-07-13T15:26:41.66499+00:00,2026-07-13T15:26:41.66499+00:00,2026-07-22,2026-08-21,0.3,715c7ef2-2748-4f8b-8586-1b5c3d385727,Oriente
bb56be08-8160-45dd-83e5-218a67e81667,San Ramon,L04 LOS BECERROS,24.63,G01,185450,2026-05-23,63,30,140,2026-07-13T15:26:41.66499+00:00,2026-07-13T15:26:41.66499+00:00,2026-07-25,2026-08-24,0.3,715c7ef2-2748-4f8b-8586-1b5c3d385727,Oriente
faf0be94-659e-4daa-84d8-ee6f885a7d00,Santa Barbara,La Victoria 1,7.44,P20,,2026-05-05,63,30,140,2026-07-13T15:26:41.66499+00:00,2026-07-13T15:26:41.66499+00:00,2026-07-07,2026-08-06,0.3,5a9b8249-8e06-42bd-b062-9b49cd3b64a7,Occidente
1103e049-e324-423a-8e71-672ffdd945bf,Santa Barbara,La Victoria 2,6.87,P20,,2026-05-05,63,30,140,2026-07-13T15:26:41.66499+00:00,2026-07-13T15:26:41.66499+00:00,2026-07-07,2026-08-06,0.3,5a9b8249-8e06-42bd-b062-9b49cd3b64a7,Occidente
0d20a4b1-19d2-4fe1-a737-91ab00057888,Santa Barbara,La Victoria 3,19.08,P20,,2026-05-04,63,30,140,2026-07-13T15:26:41.66499+00:00,2026-07-13T15:26:41.66499+00:00,2026-07-06,2026-08-05,0.3,5a9b8249-8e06-42bd-b062-9b49cd3b64a7,Occidente
dec08db8-4f38-4fbe-b300-b57b9b475a46,Santa Barbara,La Victoria 4,7.75,P20,,2026-05-14,63,30,140,2026-07-13T15:26:41.66499+00:00,2026-07-13T15:26:41.66499+00:00,2026-07-16,2026-08-15,0.3,5a9b8249-8e06-42bd-b062-9b49cd3b64a7,Occidente
33b65c11-1af9-48b7-a091-a2bcbd90a283,Santa Barbara,Santa Barbara 1,20.26,P20,,2026-05-08,63,30,140,2026-07-13T15:26:41.66499+00:00,2026-07-13T15:26:41.66499+00:00,2026-07-10,2026-08-09,0.3,5a9b8249-8e06-42bd-b062-9b49cd3b64a7,Occidente
29c131eb-54d5-4bc2-8fe1-a08c5bbf3caf,Santa Barbara,Santa Barbara 2,15.1,P20,,2026-05-08,63,30,140,2026-07-13T15:26:41.66499+00:00,2026-07-13T15:26:41.66499+00:00,2026-07-10,2026-08-09,0.3,5a9b8249-8e06-42bd-b062-9b49cd3b64a7,Occidente
87ab0cdc-b271-45ec-b6ca-2fa8eec7e97c,Santa Barbara,Santa Barbara 3,10.6,P20,,2026-05-09,63,30,140,2026-07-13T15:26:41.66499+00:00,2026-07-13T15:26:41.66499+00:00,2026-07-11,2026-08-10,0.3,5a9b8249-8e06-42bd-b062-9b49cd3b64a7,Occidente
636e6781-bf99-4d9d-b330-d0e5afaa63f0,Santa Elena,L01 ARENERO 1 LOTE-02,20.29,P01,184921,2026-05-29,63,30,140,2026-07-13T15:26:41.66499+00:00,2026-07-13T15:26:41.66499+00:00,2026-07-31,2026-08-30,0.3,72a75845-cb8e-410a-a02f-b440bc00c0a3,Occidente
f4157ba3-dde7-4f06-af33-b6b5be35d752,Santa Elena,L03 RIO 2 LOTE-03,23.48,P01,184921,2026-05-29,63,30,140,2026-07-13T15:26:41.66499+00:00,2026-07-13T15:26:41.66499+00:00,2026-07-31,2026-08-30,0.3,72a75845-cb8e-410a-a02f-b440bc00c0a3,Occidente
497b62b2-4883-4b3e-9ca6-965561518187,Santa Elena,L04 LOTE RIO 1 LOTE-04,26.74,P01,184921,2026-05-28,63,30,140,2026-07-13T15:26:41.66499+00:00,2026-07-13T15:26:41.66499+00:00,2026-07-30,2026-08-29,0.3,72a75845-cb8e-410a-a02f-b440bc00c0a3,Occidente
be68c78e-8331-4291-af6d-e25f2a82ea22,Santa Elena,L05 LOTE ARENERO 2 LOTE-01,22.6,P01,184921,2026-05-30,63,30,140,2026-07-13T15:26:41.66499+00:00,2026-07-13T15:26:41.66499+00:00,2026-08-01,2026-08-31,0.3,72a75845-cb8e-410a-a02f-b440bc00c0a3,Occidente
2b2b02bd-aef4-4d63-982d-42e24d54ccf0,Mayurupi,Arnaldo,11.66,Y05,237976,2026-05-21,63,30,140,2026-07-13T15:26:41.66499+00:00,2026-07-13T15:26:41.66499+00:00,2026-07-23,2026-08-22,0.3,180c8c59-0815-4742-bea3-b79c68285ece,Occidente
c7cf8cdc-95de-441b-926c-2410117fb265,Mayurupi,El Manguito,22.61,Y05,237976,2026-05-26,63,30,140,2026-07-13T15:26:41.66499+00:00,2026-07-13T15:26:41.66499+00:00,2026-07-28,2026-08-27,0.3,180c8c59-0815-4742-bea3-b79c68285ece,Occidente
8acf1792-df92-41a3-8060-0a3dfe16e28a,Mayurupi,La Casita,17.18,Y05,237976,2026-05-30,63,30,140,2026-07-13T15:26:41.66499+00:00,2026-07-13T15:26:41.66499+00:00,2026-08-01,2026-08-31,0.3,180c8c59-0815-4742-bea3-b79c68285ece,Occidente
1a0b7e34-2e7b-4ee9-832b-7a2cd8d76e7d,Mayurupi,La Mora,15.27,Y05,237976,2026-06-02,63,30,140,2026-07-13T15:26:41.66499+00:00,2026-07-13T15:26:41.66499+00:00,2026-08-04,2026-09-03,0.3,180c8c59-0815-4742-bea3-b79c68285ece,Occidente
aa1742cf-036c-41be-8631-02a6168a5363,Mayurupi,Las 15,14.54,Y05,237976,2026-05-20,63,30,140,2026-07-13T15:26:41.66499+00:00,2026-07-13T15:26:41.66499+00:00,2026-07-22,2026-08-21,0.3,180c8c59-0815-4742-bea3-b79c68285ece,Occidente
30ad530e-c1a9-4984-9844-58f7139826cf,Mayurupi,Las 17,17.11,Y05,237976,2026-05-20,63,30,140,2026-07-13T15:26:41.66499+00:00,2026-07-13T15:26:41.66499+00:00,2026-07-22,2026-08-21,0.3,180c8c59-0815-4742-bea3-b79c68285ece,Occidente
d5f248c5-c04e-48a3-a179-85415b1f188c,Mayurupi,Las 29,27.19,Y05,237976,2026-05-22,63,30,140,2026-07-13T15:26:41.66499+00:00,2026-07-13T15:26:41.66499+00:00,2026-07-24,2026-08-23,0.3,180c8c59-0815-4742-bea3-b79c68285ece,Occidente
c1b5faa9-4a63-41f4-a7d8-a3b22ce96e9d,Mayurupi,Las Lagunas,9.01,Y05,237976,2026-05-28,63,30,140,2026-07-13T15:26:41.66499+00:00,2026-07-13T15:26:41.66499+00:00,2026-07-30,2026-08-29,0.3,180c8c59-0815-4742-bea3-b79c68285ece,Occidente
c7f3004f-6112-4fa3-9c5d-fbbd0dc80174,Mayurupi,Los Robles,30.29,Y05,237976,2026-05-27,63,30,140,2026-07-13T15:26:41.66499+00:00,2026-07-13T15:26:41.66499+00:00,2026-07-29,2026-08-28,0.3,180c8c59-0815-4742-bea3-b79c68285ece,Occidente
890bea72-8a7e-45f7-a085-3467d37061d4,Mayurupi,Samán,51.7,Y05,237976,2026-05-31,63,30,140,2026-07-13T15:26:41.66499+00:00,2026-07-13T15:26:41.66499+00:00,2026-08-02,2026-09-01,0.3,180c8c59-0815-4742-bea3-b79c68285ece,Occidente
6bf28240-2a25-48d7-9ca7-26b755502f09,Parcela 246,Parcela 212,20.82,,,2026-05-05,63,30,140,2026-07-13T15:26:41.66499+00:00,2026-07-13T15:26:41.66499+00:00,2026-07-07,2026-08-06,0.3,6a7a1d75-dc42-4a84-8f2b-19b66cc414d3,
ea96d140-5bfa-4d8f-a854-8a4e4758eaa0,Parcela 246,Parcela 246,32.78,,,2026-04-30,63,30,140,2026-07-13T15:26:41.66499+00:00,2026-07-13T15:26:41.66499+00:00,2026-07-02,2026-08-01,0.3,6a7a1d75-dc42-4a84-8f2b-19b66cc414d3,
712b7d50-5779-4c51-8dc0-18a4da53df5e,San Antonio,L04 LOTE 7A,20.22,P06,212516,2026-05-30,63,30,140,2026-07-13T15:26:41.66499+00:00,2026-07-13T15:26:41.66499+00:00,2026-08-01,2026-08-31,0.3,63e7bd07-3c95-4992-83ad-ac639bec979d,Occidente
47bbce29-2afc-4207-84f3-fe3414fb1253,San Antonio,L05 LOTE 7B,29.71,P06,212516,2026-05-30,63,30,140,2026-07-13T15:26:41.66499+00:00,2026-07-13T15:26:41.66499+00:00,2026-08-01,2026-08-31,0.3,63e7bd07-3c95-4992-83ad-ac639bec979d,Occidente
