id,lote,agricultor,station_id,updated_at,agricultor_id,duracion_dias,ha_a_cosechar,meta_lluvia_mm,codigo_estacion,fecha_fin_rango,pct_completacion,unidad_produccion,dias_transcurridos,fecha_inicio_rango,umbral_dia_seco_mm,lluvia_acumulada_mm,fecha_inicio_siembra,racha_actual_dias_secos,racha_maxima_dias_secos,dias_inicio_post_siembra
628029e0-f3d7-4151-850e-680a3e0266b9,Dugarte 3,Elisa Bustamante,236176,2026-07-13T15:26:41.66499+00:00,4d8f0268-961d-4d03-b75a-a944385d9c46,30,24.31,140,P19,2026-09-05,0,Agropecuaria Dos Caminos,0,2026-08-06,0.3,0,2026-06-12,0,0,55
f39aa274-4a2b-4cfc-a09a-3435bf844bf1,Dugarte 4,Elisa Bustamante,236176,2026-07-13T15:26:41.66499+00:00,4d8f0268-961d-4d03-b75a-a944385d9c46,30,25.01,140,P19,2026-09-03,0,Agropecuaria Dos Caminos,0,2026-08-04,0.3,0,2026-06-10,0,0,55
f2d834fc-d53c-44f3-8591-be5a26ab4ef7,Los Patos 1,Elisa Bustamante,236176,2026-07-13T15:26:41.66499+00:00,4d8f0268-961d-4d03-b75a-a944385d9c46,30,34.83,140,P19,2026-08-25,25.1,Agropecuaria Dos Caminos,8,2026-07-26,0.3,35.2,2026-06-01,3,3,55
1ade474a-369e-4704-ae55-4953ba5db0de,Los Patos 2,Elisa Bustamante,236176,2026-07-13T15:26:41.66499+00:00,4d8f0268-961d-4d03-b75a-a944385d9c46,30,36.24,140,P19,2026-08-21,25.9,Agropecuaria Dos Caminos,12,2026-07-22,0.3,36.2,2026-05-28,3,3,55
70279d75-a867-48ca-b666-9a4a9d2ee3db,Los Patos 3,Elisa Bustamante,236176,2026-07-13T15:26:41.66499+00:00,4d8f0268-961d-4d03-b75a-a944385d9c46,30,6.11,140,P19,2026-08-22,25.9,Agropecuaria Dos Caminos,11,2026-07-23,0.3,36.2,2026-05-29,3,3,55
0f3add10-cf21-480c-a677-31104cc89563,Bancales Viejos,Francisco Jose Márquez,235418,2026-07-13T15:26:41.66499+00:00,e90c912b-cba3-4bb5-8e8e-f8ba1be4106c,30,20.83,140,P18,2026-08-13,52.4,Agropecuaria Juan Francisco C.A,20,2026-07-14,0.3,73.4,2026-05-20,3,3,55
4f0a29df-eb58-443e-a724-eb3553c69402,Juan,Francisco Jose Márquez,235418,2026-07-13T15:26:41.66499+00:00,e90c912b-cba3-4bb5-8e8e-f8ba1be4106c,30,9.35,140,P18,2026-09-03,0,Agropecuaria Juan Francisco C.A,0,2026-08-04,0.3,0,2026-06-10,0,0,55
96fb3c6e-d2e2-42ea-a9d8-77917005073b,La Ceiba,Francisco Jose Márquez,235418,2026-07-13T15:26:41.66499+00:00,e90c912b-cba3-4bb5-8e8e-f8ba1be4106c,30,23.03,140,P18,2026-08-07,99.4,Agropecuaria Juan Francisco C.A,26,2026-07-08,0.3,139.2,2026-05-14,3,3,55
39f1c564-a330-4e3b-b89e-4eb5cbe4a2dc,La Montaña 1,Francisco Jose Márquez,235418,2026-07-13T15:26:41.66499+00:00,e90c912b-cba3-4bb5-8e8e-f8ba1be4106c,30,22.06,140,P18,2026-08-08,96,Agropecuaria Juan Francisco C.A,25,2026-07-09,0.3,134.4,2026-05-15,3,3,55
2ebae9b8-0570-4b02-8177-93f406842bb9,La Montaña 2,Francisco Jose Márquez,235418,2026-07-13T15:26:41.66499+00:00,e90c912b-cba3-4bb5-8e8e-f8ba1be4106c,30,23.37,140,P18,2026-08-10,55.1,Agropecuaria Juan Francisco C.A,23,2026-07-11,0.3,77.2,2026-05-17,3,3,55
a5f04bce-193a-4bf6-bfde-ccc241dfa8a5,La Platanera,Francisco Jose Márquez,235418,2026-07-13T15:26:41.66499+00:00,e90c912b-cba3-4bb5-8e8e-f8ba1be4106c,30,16.33,140,P18,2026-08-23,10.9,Agropecuaria Juan Francisco C.A,10,2026-07-24,0.3,15.2,2026-05-30,3,3,55
4cad224e-34fa-4ffe-9e88-17d8bbe2e614,La Rafaeleña,Francisco Jose Márquez,235418,2026-07-13T15:26:41.66499+00:00,e90c912b-cba3-4bb5-8e8e-f8ba1be4106c,30,20.99,140,P18,2026-09-05,0,Agropecuaria Juan Francisco C.A,0,2026-08-06,0.3,0,2026-06-12,0,0,55
3796c344-a2c1-4daa-8b68-da5fbea33fa9,Rogelio Grande,Francisco Jose Márquez,235418,2026-07-13T15:26:41.66499+00:00,e90c912b-cba3-4bb5-8e8e-f8ba1be4106c,30,22.35,140,P18,2026-09-03,0,Agropecuaria Juan Francisco C.A,0,2026-08-04,0.3,0,2026-06-10,0,0,55
05962cb2-bcd6-4100-8b01-03ea0cf5fd37,Rogelio Pequeño,Francisco Jose Márquez,235418,2026-07-13T15:26:41.66499+00:00,e90c912b-cba3-4bb5-8e8e-f8ba1be4106c,30,13.11,140,P18,2026-09-04,0,Agropecuaria Juan Francisco C.A,0,2026-08-05,0.3,0,2026-06-11,0,0,55
18a8c969-22ce-4d01-aa82-465cb837f403,Concha de Drago,Pedro Vicente Gomez Arvelaez,238308,2026-07-13T15:26:41.66499+00:00,488d42c3-82a0-446f-840c-d1f638556ee6,30,35.52,140,G09,2026-09-10,0,Agropecuaria Mochuelo,0,2026-08-11,0.3,0,2026-06-17,0,0,55
69d96246-a21f-4c3e-975c-341d5882280f,Doña Mirian,Pedro Vicente Gomez Arvelaez,238308,2026-07-13T15:26:41.66499+00:00,488d42c3-82a0-446f-840c-d1f638556ee6,30,25.69,140,G09,2026-09-09,0,Agropecuaria Mochuelo,0,2026-08-10,0.3,0,2026-06-16,0,0,55
78f5eb8f-f2d3-41b8-9ca4-2afd8a00fc4d,El Mamón 1,Pedro Vicente Gomez Arvelaez,238308,2026-07-13T15:26:41.66499+00:00,488d42c3-82a0-446f-840c-d1f638556ee6,30,59,140,G09,2026-08-15,17.9,Agropecuaria Mochuelo,18,2026-07-16,0.3,25,2026-05-22,9,9,55
c68b9353-e9d8-44a9-a3d9-60daaa063bbf,El Mamón 2,Pedro Vicente Gomez Arvelaez,238308,2026-07-13T15:26:41.66499+00:00,488d42c3-82a0-446f-840c-d1f638556ee6,30,14.6,140,G09,2026-08-26,0,Agropecuaria Mochuelo,7,2026-07-27,0.3,0,2026-06-02,8,8,55
1276e7c4-8ed6-4978-926b-4db023ae127b,El Marbellero,Pedro Vicente Gomez Arvelaez,238308,2026-07-13T15:26:41.66499+00:00,488d42c3-82a0-446f-840c-d1f638556ee6,30,12.44,140,G09,2026-09-08,0,Agropecuaria Mochuelo,0,2026-08-09,0.3,0,2026-06-15,0,0,55
32e47f93-3a7c-4883-8ebd-9f44a593bc3f,El Roble,Pedro Vicente Gomez Arvelaez,238308,2026-07-13T15:26:41.66499+00:00,488d42c3-82a0-446f-840c-d1f638556ee6,30,15.43,140,G09,2026-09-13,0,Agropecuaria Mochuelo,0,2026-08-14,0.3,0,2026-06-20,0,0,55
07be278b-cb82-4152-b073-c763876d4b0f,El Ron 1,Pedro Vicente Gomez Arvelaez,238308,2026-07-13T15:26:41.66499+00:00,488d42c3-82a0-446f-840c-d1f638556ee6,30,22.1,140,G09,2026-08-19,12.4,Agropecuaria Mochuelo,14,2026-07-20,0.3,17.4,2026-05-26,9,9,55
51c48845-8ff4-45e2-9b1a-bad17990078c,El Ron 2,Pedro Vicente Gomez Arvelaez,238308,2026-07-13T15:26:41.66499+00:00,488d42c3-82a0-446f-840c-d1f638556ee6,30,36.56,140,G09,2026-09-02,0,Agropecuaria Mochuelo,0,2026-08-03,0.3,0,2026-06-09,1,1,55
f3b99946-6983-471f-8b45-3023527b6a0d,El Carito 1-1,Juan Hernández Díaz,241484,2026-07-13T15:26:41.66499+00:00,13623f8c-c5c6-4175-a3fc-552f36383551,30,27.28,140,G14,2026-09-10,0,Agropecuaria Vilereña,0,2026-08-11,0.3,0,2026-06-17,0,0,55
f8511ddb-70d0-4214-ab6e-d6b9f20fb6fd,El Carito 1-2,Juan Hernández Díaz,241484,2026-07-13T15:26:41.66499+00:00,13623f8c-c5c6-4175-a3fc-552f36383551,30,21.44,140,G14,2026-09-12,0,Agropecuaria Vilereña,0,2026-08-13,0.3,0,2026-06-19,0,0,55
891b1c8f-11e3-4464-8868-364a5737a2b0,Eleodoro,Juan Hernández Díaz,241484,2026-07-13T15:26:41.66499+00:00,13623f8c-c5c6-4175-a3fc-552f36383551,30,66.14,140,G14,2026-09-09,0,Agropecuaria Vilereña,0,2026-08-10,0.3,0,2026-06-16,0,0,55
ce77e86a-30f2-4959-a867-6df03e3bedf0,La Casa 1-1,Juan Hernández Díaz,241484,2026-07-13T15:26:41.66499+00:00,13623f8c-c5c6-4175-a3fc-552f36383551,30,33.98,140,G14,2026-08-30,0.4,Agropecuaria Vilereña,3,2026-07-31,0.3,0.5,2026-06-06,3,3,55
fb269fe9-fa8b-4447-b852-21bf1eb8bcb3,La Zorra 1,Juan Hernández Díaz,241484,2026-07-13T15:26:41.66499+00:00,13623f8c-c5c6-4175-a3fc-552f36383551,30,20.53,140,G14,2026-08-25,5.8,Agropecuaria Vilereña,8,2026-07-26,0.3,8.11,2026-06-01,3,3,55
4d621ff4-0fa4-4100-8047-941f2dea0c65,La Zorra 2,Juan Hernández Díaz,241484,2026-07-13T15:26:41.66499+00:00,13623f8c-c5c6-4175-a3fc-552f36383551,30,29.78,140,G14,2026-09-03,0,Agropecuaria Vilereña,0,2026-08-04,0.3,0,2026-06-10,0,0,55
2d2adff8-329a-4b41-b8fd-cde821b1932c,Pegado a Pepe 1,Juan Hernández Díaz,241484,2026-07-13T15:26:41.66499+00:00,13623f8c-c5c6-4175-a3fc-552f36383551,30,18.97,140,G14,2026-09-06,0,Agropecuaria Vilereña,0,2026-08-07,0.3,0,2026-06-13,0,0,55
d86526dd-2c27-4746-8730-30138f6ec098,Pegado a Pepe 2,Juan Hernández Díaz,241484,2026-07-13T15:26:41.66499+00:00,13623f8c-c5c6-4175-a3fc-552f36383551,30,19.24,140,G14,2026-08-29,1.4,Agropecuaria Vilereña,4,2026-07-30,0.3,2.02,2026-06-05,3,3,55
062cc7bc-40eb-4812-87fb-56c3858112db,Tomate 1,Juan Hernández Díaz,241484,2026-07-13T15:26:41.66499+00:00,13623f8c-c5c6-4175-a3fc-552f36383551,30,47.43,140,G14,2026-09-14,0,Agropecuaria Vilereña,0,2026-08-15,0.3,0,2026-06-21,0,0,55
4c2f9936-95f4-41cd-8339-ed6a912af863,Tomate 2-1,Juan Hernández Díaz,241484,2026-07-13T15:26:41.66499+00:00,13623f8c-c5c6-4175-a3fc-552f36383551,30,22.75,140,G14,2026-09-16,0,Agropecuaria Vilereña,0,2026-08-17,0.3,0,2026-06-23,0,0,55
2fd15d4e-d73a-45d7-8e71-9da3a1ad6526,Tomate 2-2,Juan Hernández Díaz,241484,2026-07-13T15:26:41.66499+00:00,13623f8c-c5c6-4175-a3fc-552f36383551,30,24.36,140,G14,2026-09-16,0,Agropecuaria Vilereña,0,2026-08-17,0.3,0,2026-06-23,0,0,55
093717a1-7bbb-44c7-a9e2-4e6f49b96f2d,Trinchera de Corcovado A,Juan Hernández Díaz,241484,2026-07-13T15:26:41.66499+00:00,13623f8c-c5c6-4175-a3fc-552f36383551,30,71.22,140,G14,2026-09-13,0,Agropecuaria Vilereña,0,2026-08-14,0.3,0,2026-06-20,0,0,55
a70cd7aa-b6eb-4f66-bbc9-6a21312eccd4,Trinchera de Corcovado B,Juan Hernández Díaz,241484,2026-07-13T15:26:41.66499+00:00,13623f8c-c5c6-4175-a3fc-552f36383551,30,76.08,140,G14,2026-09-13,0,Agropecuaria Vilereña,0,2026-08-14,0.3,0,2026-06-20,0,0,55
c488c8ed-8752-4db3-aa7d-1c69aee40646,Trinchera de Llano Adentro,Juan Hernández Díaz,241484,2026-07-13T15:26:41.66499+00:00,13623f8c-c5c6-4175-a3fc-552f36383551,30,31.63,140,G14,2026-09-10,0,Agropecuaria Vilereña,0,2026-08-11,0.3,0,2026-06-17,0,0,55
6b0e1dfa-26df-4039-b057-49f25e9fa6e2,Caño el Loco,Meiz Tohme Elchair,238383,2026-07-13T15:26:41.66499+00:00,e7ab42b1-2406-4f2e-b208-e52febff518b,30,58.29,140,G12,2026-09-06,0,Buenavista,0,2026-08-07,0.3,0,2026-06-13,0,0,55
613a6850-aeb1-42da-86c1-03495f79b458,Cerro Blanco,Meiz Tohme Elchair,238383,2026-07-13T15:26:41.66499+00:00,e7ab42b1-2406-4f2e-b208-e52febff518b,30,31.78,140,G12,2026-09-19,0,Buenavista,0,2026-08-20,0.3,0,2026-06-26,0,0,55
8b80fa42-b321-4eb9-a3d7-dc2ddaf59308,El Ataud,Meiz Tohme Elchair,238383,2026-07-13T15:26:41.66499+00:00,e7ab42b1-2406-4f2e-b208-e52febff518b,30,51.55,140,G12,2026-08-20,20.6,Buenavista,13,2026-07-21,0.3,28.8,2026-05-27,4,4,55
689789a3-8513-47ca-a79c-db1d288e5685,El Diablo,Meiz Tohme Elchair,238383,2026-07-13T15:26:41.66499+00:00,e7ab42b1-2406-4f2e-b208-e52febff518b,30,40.93,140,G12,2026-09-13,0,Buenavista,0,2026-08-14,0.3,0,2026-06-20,0,0,55
16cb47a7-e235-49ee-bcaa-855ef93d198b,El Mamón,Meiz Tohme Elchair,238383,2026-07-13T15:26:41.66499+00:00,e7ab42b1-2406-4f2e-b208-e52febff518b,30,41.86,140,G12,2026-09-06,0,Buenavista,0,2026-08-07,0.3,0,2026-06-13,0,0,55
5f1c512a-f77f-4716-a84d-66c9da25460c,El Palmarital,Meiz Tohme Elchair,238383,2026-07-13T15:26:41.66499+00:00,e7ab42b1-2406-4f2e-b208-e52febff518b,30,100.4,140,G12,2026-09-16,0,Buenavista,0,2026-08-17,0.3,0,2026-06-23,0,0,55
872b0297-325d-4b23-b20b-5c35f72cf94f,El Roble,Meiz Tohme Elchair,238383,2026-07-13T15:26:41.66499+00:00,e7ab42b1-2406-4f2e-b208-e52febff518b,30,48.62,140,G12,2026-08-23,17.4,Buenavista,10,2026-07-24,0.3,24.4,2026-05-30,4,4,55
8c17ba37-ced0-4c71-aef6-02530d359b42,La Carretera,Meiz Tohme Elchair,238383,2026-07-13T15:26:41.66499+00:00,e7ab42b1-2406-4f2e-b208-e52febff518b,30,42.42,140,G12,2026-09-03,0,Buenavista,0,2026-08-04,0.3,0,2026-06-10,0,0,55
39193ffd-bb11-4346-984f-698c985abeaa,La Cuca,Meiz Tohme Elchair,238383,2026-07-13T15:26:41.66499+00:00,e7ab42b1-2406-4f2e-b208-e52febff518b,30,42.07,140,G12,2026-09-02,0,Buenavista,0,2026-08-03,0.3,0,2026-06-09,1,1,55
62b8cadb-5ca6-4cfd-b886-4f5cdc106fbf,La Nueva,Meiz Tohme Elchair,238383,2026-07-13T15:26:41.66499+00:00,e7ab42b1-2406-4f2e-b208-e52febff518b,30,77.56,140,G12,2026-08-25,14.9,Buenavista,8,2026-07-26,0.3,20.8,2026-06-01,4,4,55
391a0ee5-292a-4134-a411-e242f1320e1c,La Sociedad,Meiz Tohme Elchair,238383,2026-07-13T15:26:41.66499+00:00,e7ab42b1-2406-4f2e-b208-e52febff518b,30,25.97,140,G12,2026-08-22,17.4,Buenavista,11,2026-07-23,0.3,24.4,2026-05-29,4,4,55
612be9e2-1e2d-40ea-aee2-0ce73ed4d5d8,Laguna Negra,Meiz Tohme Elchair,238383,2026-07-13T15:26:41.66499+00:00,e7ab42b1-2406-4f2e-b208-e52febff518b,30,23.46,140,G12,2026-08-22,17.4,Buenavista,11,2026-07-23,0.3,24.4,2026-05-29,4,4,55
69a93f87-536e-4c68-8b65-61eeff547262,Las Novillas,Meiz Tohme Elchair,238383,2026-07-13T15:26:41.66499+00:00,e7ab42b1-2406-4f2e-b208-e52febff518b,30,29.44,140,G12,2026-08-27,14.9,Buenavista,6,2026-07-28,0.3,20.8,2026-06-03,4,4,55
a905953e-5b03-4234-804f-96473cf6f9de,Las Torres,Meiz Tohme Elchair,238383,2026-07-13T15:26:41.66499+00:00,e7ab42b1-2406-4f2e-b208-e52febff518b,30,23.78,140,G12,2026-09-01,0,Buenavista,1,2026-08-02,0.3,0,2026-06-08,2,2,55
29327543-b2f5-4624-a4e6-e7e8fd1f594a,Las Yeguas,Meiz Tohme Elchair,238383,2026-07-13T15:26:41.66499+00:00,e7ab42b1-2406-4f2e-b208-e52febff518b,30,33.24,140,G12,2026-09-11,0,Buenavista,0,2026-08-12,0.3,0,2026-06-18,0,0,55
17eee026-d99d-4408-803d-04e5544d12b6,Los Caribes,Meiz Tohme Elchair,238383,2026-07-13T15:26:41.66499+00:00,e7ab42b1-2406-4f2e-b208-e52febff518b,30,23.5,140,G12,2026-08-21,20.6,Buenavista,12,2026-07-22,0.3,28.8,2026-05-28,4,4,55
4a5fcdda-5003-4f94-827e-6ad1ff5b1280,Los Palos,Meiz Tohme Elchair,238383,2026-07-13T15:26:41.66499+00:00,e7ab42b1-2406-4f2e-b208-e52febff518b,30,49.81,140,G12,2026-09-02,0,Buenavista,0,2026-08-03,0.3,0,2026-06-09,1,1,55
31577c1d-53ac-4645-8b69-849bf3561130,L03 CASA DE TABLA ARRIBA A,Antonio Luis Zambrano Acuña,186730,2026-07-13T15:26:41.66499+00:00,ad5678bd-ae51-497b-9934-ce557146b38e,30,21.77,140,G04,2026-08-20,18.7,Camaripano,13,2026-07-21,0.3,26.2,2026-05-27,3,4,55
3130337f-3ab2-406b-a5c1-347f402702ca,L04 CASA DE TABLA ARRIBA B,Antonio Luis Zambrano Acuña,186730,2026-07-13T15:26:41.66499+00:00,ad5678bd-ae51-497b-9934-ce557146b38e,30,23.57,140,G04,2026-08-20,18.7,Camaripano,13,2026-07-21,0.3,26.2,2026-05-27,3,4,55
42b4b7f7-70f6-4291-b973-81920fd0cf62,L05 EL DESQUITE,Antonio Luis Zambrano Acuña,186730,2026-07-13T15:26:41.66499+00:00,ad5678bd-ae51-497b-9934-ce557146b38e,30,49.44,140,G04,2026-08-21,18.7,Camaripano,12,2026-07-22,0.3,26.2,2026-05-28,3,3,55
09164758-10e5-4d2a-9155-7bd7dd174e5f,Molino Escabezao 1,Antonio Luis Zambrano Acuña,186730,2026-07-13T15:26:41.66499+00:00,ad5678bd-ae51-497b-9934-ce557146b38e,30,75.78,140,G04,2026-08-22,18.7,Camaripano,11,2026-07-23,0.3,26.2,2026-05-29,3,3,55
8b37ab97-2ecf-4455-add9-6ebe228e8087,Molino Escabezao 2,Antonio Luis Zambrano Acuña,186730,2026-07-13T15:26:41.66499+00:00,ad5678bd-ae51-497b-9934-ce557146b38e,30,18,140,G04,2026-08-23,18.7,Camaripano,10,2026-07-24,0.3,26.2,2026-05-30,3,3,55
cb182c2d-4309-49f9-87ae-3629575d45c6,Tanque Gasoil,Antonio Luis Zambrano Acuña,186730,2026-07-13T15:26:41.66499+00:00,ad5678bd-ae51-497b-9934-ce557146b38e,30,47.84,140,G04,2026-08-19,18.9,Camaripano,14,2026-07-20,0.3,26.4,2026-05-26,3,5,55
c7ef1944-fd1e-4241-8b17-ed65092b5108,Chaparral,Jose Dario Gallucci Requena,238407,2026-07-13T15:26:41.66499+00:00,f3dd5a70-0c95-4b9e-bab9-4f320e0fbe35,30,76.68,140,G13,2026-09-06,0,Chaguaramitas,0,2026-08-07,0.3,0,2026-06-13,0,0,55
70e131ba-d8f9-4ba0-9a6b-c0de3b159543,Chaparralito 1,Jose Dario Gallucci Requena,238407,2026-07-13T15:26:41.66499+00:00,f3dd5a70-0c95-4b9e-bab9-4f320e0fbe35,30,0,140,G13,,,Chaguaramitas,,,0.3,,,0,0,55
db649d01-b26c-426c-949c-42778505618c,Chaparralito 2,Jose Dario Gallucci Requena,238407,2026-07-13T15:26:41.66499+00:00,f3dd5a70-0c95-4b9e-bab9-4f320e0fbe35,30,0,140,G13,,,Chaguaramitas,,,0.3,,,0,0,55
d8629f36-aa18-4262-8b44-624c1b361f33,El Olivo 1,Jose Dario Gallucci Requena,238407,2026-07-13T15:26:41.66499+00:00,f3dd5a70-0c95-4b9e-bab9-4f320e0fbe35,30,18,140,G13,2026-09-03,0,Chaguaramitas,0,2026-08-04,0.3,0,2026-06-10,0,0,55
9533c594-4333-4857-8060-48711fde7804,El Olivo 2,Jose Dario Gallucci Requena,238407,2026-07-13T15:26:41.66499+00:00,f3dd5a70-0c95-4b9e-bab9-4f320e0fbe35,30,0,140,G13,,,Chaguaramitas,,,0.3,,,0,0,55
4b0c8bea-4423-4c64-a18a-9d78860bc3be,El Trapiche,Jose Dario Gallucci Requena,238407,2026-07-13T15:26:41.66499+00:00,f3dd5a70-0c95-4b9e-bab9-4f320e0fbe35,30,54.23,140,G13,2026-08-30,3.7,Chaguaramitas,3,2026-07-31,0.3,5.2,2026-06-06,3,3,55
3b128bd0-8987-4816-8213-88e62b0963e1,La Aguadita,Jose Dario Gallucci Requena,238407,2026-07-13T15:26:41.66499+00:00,f3dd5a70-0c95-4b9e-bab9-4f320e0fbe35,30,65.82,140,G13,2026-09-15,0,Chaguaramitas,0,2026-08-16,0.3,0,2026-06-22,0,0,55
474e4c6f-8da2-44c7-8e46-d8a66321907a,Loma de Piedra,Jose Dario Gallucci Requena,238407,2026-07-13T15:26:41.66499+00:00,f3dd5a70-0c95-4b9e-bab9-4f320e0fbe35,30,0,140,G13,,,Chaguaramitas,,,0.3,,,0,0,55
d44de1dc-7867-4f9e-a1e7-788f92376293,Los Toros 1,Jose Dario Gallucci Requena,238407,2026-07-13T15:26:41.66499+00:00,f3dd5a70-0c95-4b9e-bab9-4f320e0fbe35,30,0,140,G13,,,Chaguaramitas,,,0.3,,,0,0,55
db1ee136-0f1d-4ae8-b3e3-e1710c5f7ef4,Los Toros 2,Jose Dario Gallucci Requena,238407,2026-07-13T15:26:41.66499+00:00,f3dd5a70-0c95-4b9e-bab9-4f320e0fbe35,30,29.14,140,G13,2026-09-16,0,Chaguaramitas,0,2026-08-17,0.3,0,2026-06-23,0,0,55
b95a4ded-83d5-40b3-87bd-fbbbbb95664f,Candilero,Ezequiel Jose Fontiveros Briceño,235225,2026-07-13T15:26:41.66499+00:00,2099dcd4-d145-4008-a361-8bd69bfccf8a,30,17.23,140,P15,2026-08-15,146.9,Don Fonti,18,2026-07-16,0.3,205.6,2026-05-22,3,3,55
29a2511b-4eb0-4216-ab97-01001579fb64,Candirosa - Mango A,Ezequiel Jose Fontiveros Briceño,235225,2026-07-13T15:26:41.66499+00:00,2099dcd4-d145-4008-a361-8bd69bfccf8a,30,16.18,140,P15,2026-08-17,146.7,Don Fonti,16,2026-07-18,0.3,205.4,2026-05-24,3,3,55
a6a74564-bac7-467d-95f7-46ae0fffb356,Candirosa - Mango B,Ezequiel Jose Fontiveros Briceño,235225,2026-07-13T15:26:41.66499+00:00,2099dcd4-d145-4008-a361-8bd69bfccf8a,30,17.25,140,P15,2026-08-16,146.7,Don Fonti,17,2026-07-17,0.3,205.4,2026-05-23,3,3,55
c0492162-4a3b-40ec-8575-35e20b79e20c,El Drago,Ezequiel Jose Fontiveros Briceño,235225,2026-07-13T15:26:41.66499+00:00,2099dcd4-d145-4008-a361-8bd69bfccf8a,30,23.65,140,P15,2026-07-26,187.6,Don Fonti,30,2026-06-26,0.3,262.6,2026-05-02,0,2,55
a8fb7aa0-51ab-4677-a1b4-4719108c8790,El Mamon,Ezequiel Jose Fontiveros Briceño,235225,2026-07-13T15:26:41.66499+00:00,2099dcd4-d145-4008-a361-8bd69bfccf8a,30,8.38,140,P15,2026-07-24,174.7,Don Fonti,30,2026-06-24,0.3,244.6,2026-04-30,1,2,55
c4fc1d9d-79b2-4320-a2ad-9be161d2e25e,Girasol,Ezequiel Jose Fontiveros Briceño,235225,2026-07-13T15:26:41.66499+00:00,2099dcd4-d145-4008-a361-8bd69bfccf8a,30,25.43,140,P15,2026-07-28,187.9,Don Fonti,30,2026-06-28,0.3,263,2026-05-04,1,2,55
e0061526-8cd5-400f-b0fd-fee43354643b,Guinea,Ezequiel Jose Fontiveros Briceño,235225,2026-07-13T15:26:41.66499+00:00,2099dcd4-d145-4008-a361-8bd69bfccf8a,30,7.33,140,P15,2026-08-12,168.3,Don Fonti,21,2026-07-13,0.3,235.6,2026-05-19,3,3,55
b30d085c-b1a6-4fd6-a04b-471b553ec606,La Batea,Ezequiel Jose Fontiveros Briceño,235225,2026-07-13T15:26:41.66499+00:00,2099dcd4-d145-4008-a361-8bd69bfccf8a,30,8.28,140,P15,2026-07-25,182,Don Fonti,30,2026-06-25,0.3,254.8,2026-05-01,0,2,55
6633b552-869b-409e-8223-d9515437cdd4,La Ceiba,Ezequiel Jose Fontiveros Briceño,235225,2026-07-13T15:26:41.66499+00:00,2099dcd4-d145-4008-a361-8bd69bfccf8a,30,24.6,140,P15,2026-07-29,196.1,Don Fonti,30,2026-06-29,0.3,274.6,2026-05-05,0,2,55
cc72a029-f9d1-4175-8eb2-39e605c57f02,Los Viejos,Ezequiel Jose Fontiveros Briceño,235225,2026-07-13T15:26:41.66499+00:00,2099dcd4-d145-4008-a361-8bd69bfccf8a,30,31.08,140,P15,2026-08-11,169.6,Don Fonti,22,2026-07-12,0.3,237.4,2026-05-18,3,3,55
5aba2d4e-e4e8-4b06-a86b-bb3a675c551e,Tamarindo,Ezequiel Jose Fontiveros Briceño,235225,2026-07-13T15:26:41.66499+00:00,2099dcd4-d145-4008-a361-8bd69bfccf8a,30,12.55,140,P15,2026-07-28,187.9,Don Fonti,30,2026-06-28,0.3,263,2026-05-04,1,2,55
889ce451-b97e-4bda-ba18-a8ea5cd9facb,Los Reyes 1,Maria Angelica Esparragoza Salazar,,2026-07-13T15:26:41.66499+00:00,236e5c87-cc88-4ebb-b082-2367188113ed,30,33.95,140,,2026-09-08,,El Almirante CA,,2026-08-09,0.3,,2026-06-15,0,0,55
8e844b11-ed19-47e1-bfe1-98ffb670fa7c,Los Reyes 2,Maria Angelica Esparragoza Salazar,,2026-07-13T15:26:41.66499+00:00,236e5c87-cc88-4ebb-b082-2367188113ed,30,57.46,140,,2026-09-13,,El Almirante CA,,2026-08-14,0.3,,2026-06-20,0,0,55
781a3436-b3e7-4e39-ab83-42ed9e1e1b46,Los Reyes 3,Maria Angelica Esparragoza Salazar,,2026-07-13T15:26:41.66499+00:00,236e5c87-cc88-4ebb-b082-2367188113ed,30,22.47,140,,2026-09-15,,El Almirante CA,,2026-08-16,0.3,,2026-06-22,0,0,55
add0559a-6479-45f4-b765-ce8f52082daa,Los Reyes 4,Maria Angelica Esparragoza Salazar,,2026-07-13T15:26:41.66499+00:00,236e5c87-cc88-4ebb-b082-2367188113ed,30,29.17,140,,2026-09-16,,El Almirante CA,,2026-08-17,0.3,,2026-06-23,0,0,55
9dcdbf55-7e2e-4f7e-9aae-16df50844f58,Los Vaquiros,Maria Angelica Esparragoza Salazar,,2026-07-13T15:26:41.66499+00:00,236e5c87-cc88-4ebb-b082-2367188113ed,30,59.63,140,,2026-08-27,,El Almirante CA,,2026-07-28,0.3,,2026-06-03,0,0,55
8eed2344-d136-42ee-b3f7-f49bed8402c8,L01 LOTE BAJO DE LOMA,Francisco Enrique González Roselli,186730,2026-07-13T15:26:41.66499+00:00,0cb87d79-618e-45f3-8879-aaf3708bfd9c,30,33.61,140,G04,2026-08-13,66.6,El Apamate,20,2026-07-14,0.3,93.2,2026-05-20,3,6,55
a4efd631-0c89-4a3d-ac26-f6f5180564f6,L02 LOTE COCO LOMA GRANDE,Francisco Enrique González Roselli,186730,2026-07-13T15:26:41.66499+00:00,0cb87d79-618e-45f3-8879-aaf3708bfd9c,30,14.48,140,G04,2026-08-15,66.6,El Apamate,18,2026-07-16,0.3,93.2,2026-05-22,3,6,55
099a640e-6c28-4acf-b6d9-305d7cd4bf86,L03 LOTE LA PIEDRA,Francisco Enrique González Roselli,186730,2026-07-13T15:26:41.66499+00:00,0cb87d79-618e-45f3-8879-aaf3708bfd9c,30,18.15,140,G04,2026-08-14,66.6,El Apamate,19,2026-07-15,0.3,93.2,2026-05-21,3,6,55
5f0c51c1-923e-4d29-9a83-eb8850265570,L04 LOTE LOCACIÓN A,Francisco Enrique González Roselli,186730,2026-07-13T15:26:41.66499+00:00,0cb87d79-618e-45f3-8879-aaf3708bfd9c,30,12.83,140,G04,2026-09-02,0,El Apamate,0,2026-08-03,0.3,0,2026-06-09,1,1,55
15c6d03f-2a02-4b12-8a54-81ae17176103,L07 LOTE MATA PALO,Francisco Enrique González Roselli,186730,2026-07-13T15:26:41.66499+00:00,0cb87d79-618e-45f3-8879-aaf3708bfd9c,30,37.05,140,G04,2026-08-21,18.7,El Apamate,12,2026-07-22,0.3,26.2,2026-05-28,3,3,55
957c0283-c955-4e84-996c-c7c7929e7af8,Locación B,Francisco Enrique González Roselli,186730,2026-07-13T15:26:41.66499+00:00,0cb87d79-618e-45f3-8879-aaf3708bfd9c,30,25.64,140,G04,2026-09-02,0,El Apamate,0,2026-08-03,0.3,0,2026-06-09,1,1,55
6c03962d-afab-4407-94c0-084220b91463,Ramírez,Francisco Enrique González Roselli,186730,2026-07-13T15:26:41.66499+00:00,0cb87d79-618e-45f3-8879-aaf3708bfd9c,30,60.63,140,G04,2026-08-23,18.7,El Apamate,10,2026-07-24,0.3,26.2,2026-05-30,3,3,55
58f30f5d-38dc-4562-ae0a-cc210ea79c3a,Las 120 del frente 1,Wolfgang Esteger Bohor,,2026-07-13T15:26:41.66499+00:00,2d7ef9de-cfb6-4321-8da5-c76532fa7406,30,102.43,140,,2026-08-23,,El Encanto,,2026-07-24,0.3,,2026-05-30,0,0,55
a645f030-f241-4d61-8ab5-c8bb42531601,Las 15,Wolfgang Esteger Bohor,,2026-07-13T15:26:41.66499+00:00,2d7ef9de-cfb6-4321-8da5-c76532fa7406,30,14.27,140,,2026-09-03,,El Encanto,,2026-08-04,0.3,,2026-06-10,0,0,55
171a4e48-1661-46b7-a246-940bced04fb3,Las 80 de atrás,Wolfgang Esteger Bohor,,2026-07-13T15:26:41.66499+00:00,2d7ef9de-cfb6-4321-8da5-c76532fa7406,30,82.03,140,,2026-09-03,,El Encanto,,2026-08-04,0.3,,2026-06-10,0,0,55
2e959a4a-0a26-4e40-a96d-2b9345057402,Parcela 62,Wolfgang Esteger Bohor,,2026-07-13T15:26:41.66499+00:00,2d7ef9de-cfb6-4321-8da5-c76532fa7406,30,22.24,140,,2026-09-06,,El Encanto,,2026-08-07,0.3,,2026-06-13,0,0,55
9ea1d550-ffd7-45a7-96dd-c65b606f627a,Parcela 64,Wolfgang Esteger Bohor,,2026-07-13T15:26:41.66499+00:00,2d7ef9de-cfb6-4321-8da5-c76532fa7406,30,24.27,140,,2026-09-06,,El Encanto,,2026-08-07,0.3,,2026-06-13,0,0,55
f55dc471-b9ad-4800-ac8f-676ba61e362d,Costaneros,Celso Fantinel Furlanis,213735,2026-07-13T15:26:41.66499+00:00,d33e49e6-c9a2-4c94-8bf2-cf871e8be14d,30,15.61,140,G05,2026-09-04,0,El Loro,0,2026-08-05,0.3,0,2026-06-11,0,0,55
d359733d-cffe-4298-843e-98528015531d,Frijolero Oeste,Celso Fantinel Furlanis,213735,2026-07-13T15:26:41.66499+00:00,d33e49e6-c9a2-4c94-8bf2-cf871e8be14d,30,17.19,140,G05,2026-09-06,0,El Loro,0,2026-08-07,0.3,0,2026-06-13,0,0,55
78f5f315-7fe6-449c-b591-aaaf96a3d4d5,Guillero 1,Celso Fantinel Furlanis,213735,2026-07-13T15:26:41.66499+00:00,d33e49e6-c9a2-4c94-8bf2-cf871e8be14d,30,9.62,140,G05,2026-09-15,0,El Loro,0,2026-08-16,0.3,0,2026-06-22,0,0,55
0c5f247f-14a9-456b-9c08-ad395b544af5,Guillero 2,Celso Fantinel Furlanis,213735,2026-07-13T15:26:41.66499+00:00,d33e49e6-c9a2-4c94-8bf2-cf871e8be14d,30,54.35,140,G05,2026-09-09,0,El Loro,0,2026-08-10,0.3,0,2026-06-16,0,0,55
b281e4c5-89c9-4bd5-8830-bc5614b4b703,L01 LOTE SAMANCITO,Celso Fantinel Furlanis,213735,2026-07-13T15:26:41.66499+00:00,d33e49e6-c9a2-4c94-8bf2-cf871e8be14d,30,31.46,140,G05,2026-08-20,5.6,El Loro,13,2026-07-21,0.3,7.8,2026-05-27,3,5,55
ea74468f-e74f-458e-a748-e6975bc9e03f,La Ceiba,Celso Fantinel Furlanis,213735,2026-07-13T15:26:41.66499+00:00,d33e49e6-c9a2-4c94-8bf2-cf871e8be14d,30,30.46,140,G05,2026-09-05,0,El Loro,0,2026-08-06,0.3,0,2026-06-12,0,0,55
da0e68eb-4568-4ad4-85f6-2b89e8a7de22,Punta gorda A,Celso Fantinel Furlanis,213735,2026-07-13T15:26:41.66499+00:00,d33e49e6-c9a2-4c94-8bf2-cf871e8be14d,30,19.58,140,G05,2026-09-02,0,El Loro,0,2026-08-03,0.3,0,2026-06-09,1,1,55
54273189-deea-459e-9539-a9a66e106f45,Taladro,Celso Fantinel Furlanis,213735,2026-07-13T15:26:41.66499+00:00,d33e49e6-c9a2-4c94-8bf2-cf871e8be14d,30,28.23,140,G05,2026-09-02,0,El Loro,0,2026-08-03,0.3,0,2026-06-09,1,1,55
4fcc3c97-d554-4a32-af2f-df4166ed9d5a,Victoriero 1,Celso Fantinel Furlanis,213735,2026-07-13T15:26:41.66499+00:00,d33e49e6-c9a2-4c94-8bf2-cf871e8be14d,30,93.49,140,G05,2026-08-21,5.6,El Loro,12,2026-07-22,0.3,7.8,2026-05-28,3,5,55
98469e64-a201-4a2f-b101-35c7011545df,Victoriero 2,Celso Fantinel Furlanis,213735,2026-07-13T15:26:41.66499+00:00,d33e49e6-c9a2-4c94-8bf2-cf871e8be14d,30,81.05,140,G05,2026-08-25,2.6,El Loro,8,2026-07-26,0.3,3.6,2026-06-01,3,5,55
009d4842-e980-4115-9f83-ef14114be556,El Manguito 1,Virbel Jose Griman Alfin,235420,2026-07-13T15:26:41.66499+00:00,b492cc3e-9023-4e9a-bdb6-f8e0d67a6a38,30,23.06,140,Y03,2026-08-14,93.7,El manguito,19,2026-07-15,0.3,131.2,2026-05-21,3,3,55
e75f8a42-d927-4ac2-a2a5-12ea3cec8adb,El Manguito 2,Virbel Jose Griman Alfin,235420,2026-07-13T15:26:41.66499+00:00,b492cc3e-9023-4e9a-bdb6-f8e0d67a6a38,30,11.3,140,Y03,2026-08-14,93.7,El manguito,19,2026-07-15,0.3,131.2,2026-05-21,3,3,55
891969f3-6d3b-40fe-a207-f50eda837f92,El Manguito 3,Virbel Jose Griman Alfin,235420,2026-07-13T15:26:41.66499+00:00,b492cc3e-9023-4e9a-bdb6-f8e0d67a6a38,30,11.2,140,Y03,2026-08-13,97.6,El manguito,20,2026-07-14,0.3,136.6,2026-05-20,3,3,55
00ea0e05-0a77-4fbd-995c-7402959cf5ea,La Rosa,Virbel Jose Griman Alfin,235420,2026-07-13T15:26:41.66499+00:00,b492cc3e-9023-4e9a-bdb6-f8e0d67a6a38,30,14.49,140,Y03,2026-08-18,89.4,El manguito,15,2026-07-19,0.3,125.2,2026-05-25,3,3,55
b84f3a77-03ab-458f-893c-3de6a9de2743,La Silvera,Virbel Jose Griman Alfin,235420,2026-07-13T15:26:41.66499+00:00,b492cc3e-9023-4e9a-bdb6-f8e0d67a6a38,30,10.37,140,Y03,2026-08-29,17.6,El manguito,4,2026-07-30,0.3,24.6,2026-06-05,3,3,55
98f7bbe0-9db8-4e7c-b850-098bf801aa23,Lote de Arriba,Virbel Jose Griman Alfin,235420,2026-07-13T15:26:41.66499+00:00,b492cc3e-9023-4e9a-bdb6-f8e0d67a6a38,30,11.74,140,Y03,2026-08-23,48,El manguito,10,2026-07-24,0.3,67.2,2026-05-30,3,3,55
22c4ba7c-f484-4705-b781-2a8cd37a6a64,Pavi 02,Virbel Jose Griman Alfin,235420,2026-07-13T15:26:41.66499+00:00,b492cc3e-9023-4e9a-bdb6-f8e0d67a6a38,30,11.39,140,Y03,2026-08-26,17.7,El manguito,7,2026-07-27,0.3,24.8,2026-06-02,3,3,55
99bab506-cf69-40e5-8a10-4e3bc9fc62a6,Pavi 1,Virbel Jose Griman Alfin,235420,2026-07-13T15:26:41.66499+00:00,b492cc3e-9023-4e9a-bdb6-f8e0d67a6a38,30,11.24,140,Y03,2026-08-24,40.9,El manguito,9,2026-07-25,0.3,57.2,2026-05-31,3,3,55
82f54117-c200-4a36-b536-557e7b83ec3e,L05 La pista 2,Leoscar Machado Silveira,,2026-07-13T15:26:41.66499+00:00,0c8919af-5d88-46a5-ab77-43b3516d411f,30,24.3,140,,2026-08-21,,Finca Camilero,,2026-07-22,0.3,,2026-05-28,0,0,55
a436780e-d919-41bb-89fa-d78093d62ed1,La Casa 1,Leoscar Machado Silveira,,2026-07-13T15:26:41.66499+00:00,0c8919af-5d88-46a5-ab77-43b3516d411f,30,60.55,140,,2026-08-12,,Finca Camilero,,2026-07-13,0.3,,2026-05-19,0,0,55
280adb87-ec68-41f8-8e9e-d694f7787e79,La Casa 2,Leoscar Machado Silveira,,2026-07-13T15:26:41.66499+00:00,0c8919af-5d88-46a5-ab77-43b3516d411f,30,55.11,140,,2026-08-19,,Finca Camilero,,2026-07-20,0.3,,2026-05-26,0,0,55
f02afbc7-2fa3-4f46-92f8-5a88a95e0803,La Casa 3,Leoscar Machado Silveira,,2026-07-13T15:26:41.66499+00:00,0c8919af-5d88-46a5-ab77-43b3516d411f,30,23.4,140,,2026-08-20,,Finca Camilero,,2026-07-21,0.3,,2026-05-27,0,0,55
6caaa418-203f-4587-9677-9d1e31ede8da,La Pista 1,Leoscar Machado Silveira,,2026-07-13T15:26:41.66499+00:00,0c8919af-5d88-46a5-ab77-43b3516d411f,30,24.26,140,,2026-08-22,,Finca Camilero,,2026-07-23,0.3,,2026-05-29,0,0,55
0f3e9126-a65d-414f-a4c4-64a768721216,El Guasimo,Julio Antonio Colmenarez Mendoza,235263,2026-07-13T15:26:41.66499+00:00,2332c09c-7d53-4563-b57b-2933c2a7a09b,30,28.71,140,B01,2026-07-24,261,Finca La Campesina,30,2026-06-24,0.3,365.4,2026-04-30,1,3,55
0e41533b-87d2-4276-b2dc-cb6d443bdf0b,El Tanque,Julio Antonio Colmenarez Mendoza,235263,2026-07-13T15:26:41.66499+00:00,2332c09c-7d53-4563-b57b-2933c2a7a09b,30,16.81,140,B01,2026-07-23,261,Finca La Campesina,30,2026-06-23,0.3,365.4,2026-04-29,0,3,55
68de25e0-970c-4e7b-a320-a698b4f6d605,La Ceiba,Julio Antonio Colmenarez Mendoza,235263,2026-07-13T15:26:41.66499+00:00,2332c09c-7d53-4563-b57b-2933c2a7a09b,30,20.6,140,B01,2026-07-23,261,Finca La Campesina,30,2026-06-23,0.3,365.4,2026-04-29,0,3,55
dcfd1499-20dd-4342-8a05-e49be9ccc997,La Mariera,Julio Antonio Colmenarez Mendoza,235263,2026-07-13T15:26:41.66499+00:00,2332c09c-7d53-4563-b57b-2933c2a7a09b,30,60.88,140,B01,2026-07-22,277,Finca La Campesina,30,2026-06-22,0.3,387.8,2026-04-28,1,3,55
bd732e00-9929-4122-bda9-d9d6a4320535,Los Pepes 1,Julio Antonio Colmenarez Mendoza,235263,2026-07-13T15:26:41.66499+00:00,2332c09c-7d53-4563-b57b-2933c2a7a09b,30,53,140,B01,2026-07-28,236.3,Finca La Campesina,30,2026-06-28,0.3,330.8,2026-05-04,2,3,55
9ec86aae-f6a9-42e9-b14c-6506fcc30c1b,Los Pepes 2,Julio Antonio Colmenarez Mendoza,235263,2026-07-13T15:26:41.66499+00:00,2332c09c-7d53-4563-b57b-2933c2a7a09b,30,8.78,140,B01,2026-07-29,211.4,Finca La Campesina,30,2026-06-29,0.3,296,2026-05-05,0,3,55
f129db6e-1770-468c-8647-b18c5ecba6a5,Pelo e Mula,Julio Antonio Colmenarez Mendoza,235263,2026-07-13T15:26:41.66499+00:00,2332c09c-7d53-4563-b57b-2933c2a7a09b,30,51.13,140,B01,2026-07-24,261,Finca La Campesina,30,2026-06-24,0.3,365.4,2026-04-30,1,3,55
b042dd6d-4f09-4db4-a202-7c741ba70aae,Revilla 1,Julio Antonio Colmenarez Mendoza,235263,2026-07-13T15:26:41.66499+00:00,2332c09c-7d53-4563-b57b-2933c2a7a09b,30,55.82,140,B01,2026-07-26,236.3,Finca La Campesina,30,2026-06-26,0.3,330.8,2026-05-02,0,3,55
96c2be98-1632-46dc-8418-87bc935cc125,Revilla 2,Julio Antonio Colmenarez Mendoza,235263,2026-07-13T15:26:41.66499+00:00,2332c09c-7d53-4563-b57b-2933c2a7a09b,30,65.81,140,B01,2026-07-28,236.3,Finca La Campesina,30,2026-06-28,0.3,330.8,2026-05-04,2,3,55
3b144731-86cd-4856-9137-d00b9e69a670,La Padillera 1,Cesar Igor Padilla Martinez,235240,2026-07-13T15:26:41.66499+00:00,3170b386-6ce8-455e-b0de-42779c58ea92,30,41.32,140,P16,2026-08-17,113.4,Finca La Padillera,16,2026-07-18,0.3,158.8,2026-05-24,3,3,55
414243e8-fc22-4d60-86c6-64d2ddeb53d3,Las Coromoticos 1,Cesar Igor Padilla Martinez,235240,2026-07-13T15:26:41.66499+00:00,3170b386-6ce8-455e-b0de-42779c58ea92,30,6.78,140,P16,2026-08-15,113.7,Finca La Padillera,18,2026-07-16,0.3,159.2,2026-05-22,3,3,55
aedead7d-1c51-4a37-956c-22a030327cb8,Las Coromoticos 2,Cesar Igor Padilla Martinez,235240,2026-07-13T15:26:41.66499+00:00,3170b386-6ce8-455e-b0de-42779c58ea92,30,6.24,140,P16,2026-08-15,113.7,Finca La Padillera,18,2026-07-16,0.3,159.2,2026-05-22,3,3,55
51de8ec9-612f-48f0-b790-78414fc4abfa,Los Manguitos,Cesar Igor Padilla Martinez,235240,2026-07-13T15:26:41.66499+00:00,3170b386-6ce8-455e-b0de-42779c58ea92,30,25.86,140,P16,2026-07-29,169.6,Finca La Padillera,30,2026-06-29,0.3,237.4,2026-05-05,0,2,55
32749415-204e-4346-8a37-9fe827d34530,Las 10,Tony Alejandro Pestana Perez,235347,2026-07-13T15:26:41.66499+00:00,bfe32c59-ce11-440b-96ca-56150ed1716a,30,9.76,140,P17,,,Finca Montes de Luna,,,0.3,,,0,0,55
a860e380-8a66-4c52-b476-489917e58aba,Las 12,Tony Alejandro Pestana Perez,235347,2026-07-13T15:26:41.66499+00:00,bfe32c59-ce11-440b-96ca-56150ed1716a,30,11.68,140,P17,,,Finca Montes de Luna,,,0.3,,,0,0,55
d8bd190b-2604-48eb-9832-8065ac8d035e,Las 14,Tony Alejandro Pestana Perez,235347,2026-07-13T15:26:41.66499+00:00,bfe32c59-ce11-440b-96ca-56150ed1716a,30,13.4,140,P17,2026-08-04,36.4,Finca Montes de Luna,29,2026-07-05,0.3,51,2026-05-11,1,3,55
e0a1c69a-82ba-4d8c-bfe1-15666ef4e38c,Las 15,Tony Alejandro Pestana Perez,235347,2026-07-13T15:26:41.66499+00:00,bfe32c59-ce11-440b-96ca-56150ed1716a,30,13.24,140,P17,2026-08-04,36.4,Finca Montes de Luna,29,2026-07-05,0.3,51,2026-05-11,1,3,55
2ca4def8-00f3-4a0c-bf50-953e20a60b71,Las 25,Tony Alejandro Pestana Perez,235347,2026-07-13T15:26:41.66499+00:00,bfe32c59-ce11-440b-96ca-56150ed1716a,30,25.61,140,P17,,,Finca Montes de Luna,,,0.3,,,0,0,55
7adbd076-899f-43fa-bb17-d46e4444925b,Las 30,Tony Alejandro Pestana Perez,235347,2026-07-13T15:26:41.66499+00:00,bfe32c59-ce11-440b-96ca-56150ed1716a,30,28.1,140,P17,2026-08-04,36.4,Finca Montes de Luna,29,2026-07-05,0.3,51,2026-05-11,1,3,55
fddc878d-13d5-4524-b4cc-3fec7d33398f,Las 36,Tony Alejandro Pestana Perez,235347,2026-07-13T15:26:41.66499+00:00,bfe32c59-ce11-440b-96ca-56150ed1716a,30,34.67,140,P17,,,Finca Montes de Luna,,,0.3,,,0,0,55
7201515b-46bd-4f92-b888-5bcd0e6eea91,Las 40,Tony Alejandro Pestana Perez,235347,2026-07-13T15:26:41.66499+00:00,bfe32c59-ce11-440b-96ca-56150ed1716a,30,38,140,P17,2026-08-06,35.7,Finca Montes de Luna,27,2026-07-07,0.3,50,2026-05-13,1,3,55
12d1cd50-6e79-41b0-bdbe-670820f5c241,"Las 6 + 1,7 + 0,4",Tony Alejandro Pestana Perez,235347,2026-07-13T15:26:41.66499+00:00,bfe32c59-ce11-440b-96ca-56150ed1716a,30,0,140,P17,,,Finca Montes de Luna,,,0.3,,,0,0,55
7eee6a3c-5642-4f54-aa3e-ce0fe307fee8,Ciruelo,Juan Vicente Risso,,2026-07-13T15:26:41.66499+00:00,3cee0691-8a38-4379-b3f2-ee96d57d8a57,30,118.67,140,,2026-09-03,,Juan Hilario,,2026-08-04,0.3,,2026-06-10,0,0,55
a3230c98-9e23-4ba9-89a9-bba443c610f1,Cosechadora quemada 1,Juan Vicente Risso,,2026-07-13T15:26:41.66499+00:00,3cee0691-8a38-4379-b3f2-ee96d57d8a57,30,23.91,140,,2026-08-31,,Juan Hilario,,2026-08-01,0.3,,2026-06-07,0,0,55
ad994139-9590-4367-a18b-7f89c983ae89,Cosechadora quemada 2,Juan Vicente Risso,,2026-07-13T15:26:41.66499+00:00,3cee0691-8a38-4379-b3f2-ee96d57d8a57,30,34.83,140,,2026-08-22,,Juan Hilario,,2026-07-23,0.3,,2026-05-29,0,0,55
e772acfa-f1f8-46c3-99d1-7bed9eec4312,Cosechadora quemada 3,Juan Vicente Risso,,2026-07-13T15:26:41.66499+00:00,3cee0691-8a38-4379-b3f2-ee96d57d8a57,30,26.85,140,,2026-08-23,,Juan Hilario,,2026-07-24,0.3,,2026-05-30,0,0,55
9b2dc289-d884-47ab-a882-08ab0eaf989d,Cosechadora quemada 4,Juan Vicente Risso,,2026-07-13T15:26:41.66499+00:00,3cee0691-8a38-4379-b3f2-ee96d57d8a57,30,25.54,140,,2026-08-23,,Juan Hilario,,2026-07-24,0.3,,2026-05-30,0,0,55
0b525207-3849-4ea6-ace9-8a444eaa8b13,Cosechadora quemada 5,Juan Vicente Risso,,2026-07-13T15:26:41.66499+00:00,3cee0691-8a38-4379-b3f2-ee96d57d8a57,30,17.31,140,,2026-08-22,,Juan Hilario,,2026-07-23,0.3,,2026-05-29,0,0,55
348db4e8-93d4-44e0-ab17-6bd08e3d2102,Cosechadora quemada 6,Juan Vicente Risso,,2026-07-13T15:26:41.66499+00:00,3cee0691-8a38-4379-b3f2-ee96d57d8a57,30,23.7,140,,2026-08-22,,Juan Hilario,,2026-07-23,0.3,,2026-05-29,0,0,55
b7510e44-eadb-44a2-b383-ea6c995ec47b,Detrás del galpón 1,Juan Vicente Risso,,2026-07-13T15:26:41.66499+00:00,3cee0691-8a38-4379-b3f2-ee96d57d8a57,30,48.23,140,,2026-08-20,,Juan Hilario,,2026-07-21,0.3,,2026-05-27,0,0,55
9cb8168e-5ff8-43c0-9cae-a1664a764017,Detrás del galpón 2,Juan Vicente Risso,,2026-07-13T15:26:41.66499+00:00,3cee0691-8a38-4379-b3f2-ee96d57d8a57,30,25.28,140,,2026-08-21,,Juan Hilario,,2026-07-22,0.3,,2026-05-28,0,0,55
733658b7-c234-4dcd-8f3c-ed0d067b4d42,El Trailer 1,Juan Vicente Risso,,2026-07-13T15:26:41.66499+00:00,3cee0691-8a38-4379-b3f2-ee96d57d8a57,30,32.15,140,,2026-08-26,,Juan Hilario,,2026-07-27,0.3,,2026-06-02,0,0,55
152d51d3-ee0d-48a2-a5d5-acbcd3e9b2ce,El Trailer 2,Juan Vicente Risso,,2026-07-13T15:26:41.66499+00:00,3cee0691-8a38-4379-b3f2-ee96d57d8a57,30,27.71,140,,2026-08-26,,Juan Hilario,,2026-07-27,0.3,,2026-06-02,0,0,55
0eb1a874-179e-4b36-9469-92e98d62c938,El Trailer 3,Juan Vicente Risso,,2026-07-13T15:26:41.66499+00:00,3cee0691-8a38-4379-b3f2-ee96d57d8a57,30,31.99,140,,2026-08-27,,Juan Hilario,,2026-07-28,0.3,,2026-06-03,0,0,55
9d625ed5-2e81-4cbd-9d40-31b051b4ea8e,El Trailer 4,Juan Vicente Risso,,2026-07-13T15:26:41.66499+00:00,3cee0691-8a38-4379-b3f2-ee96d57d8a57,30,18.03,140,,2026-08-27,,Juan Hilario,,2026-07-28,0.3,,2026-06-03,0,0,55
b7721501-84a8-492d-a86c-22d9bf27d7c8,El Trailer 5,Juan Vicente Risso,,2026-07-13T15:26:41.66499+00:00,3cee0691-8a38-4379-b3f2-ee96d57d8a57,30,12.1,140,,2026-08-28,,Juan Hilario,,2026-07-29,0.3,,2026-06-04,0,0,55
1553c417-54a1-416e-8d3f-49084f66c5ac,Leo,Juan Vicente Risso,,2026-07-13T15:26:41.66499+00:00,3cee0691-8a38-4379-b3f2-ee96d57d8a57,30,92.47,140,,2026-09-05,,Juan Hilario,,2026-08-06,0.3,,2026-06-12,0,0,55
62786119-617b-4983-bc9f-28b669b1a665,Antonio Gaiza,Williams Manuel Canelon Gonzalez,235411,2026-07-13T15:26:41.66499+00:00,15dabc7e-6ee6-415d-b84d-6f95e52d7d81,30,7.77,140,Y02,2026-08-13,96,La Ceiba,20,2026-07-14,0.3,134.4,2026-05-20,3,4,55
84d788ab-4dac-49fe-900e-899f423d3c29,El Corral,Williams Manuel Canelon Gonzalez,235411,2026-07-13T15:26:41.66499+00:00,15dabc7e-6ee6-415d-b84d-6f95e52d7d81,30,11.74,140,Y02,2026-08-16,94,La Ceiba,17,2026-07-17,0.3,131.6,2026-05-23,3,4,55
83794207-c5d3-45f7-8dea-7975f0b174ea,El Galpón,Williams Manuel Canelon Gonzalez,235411,2026-07-13T15:26:41.66499+00:00,15dabc7e-6ee6-415d-b84d-6f95e52d7d81,30,29.72,140,Y02,2026-08-21,66.6,La Ceiba,12,2026-07-22,0.3,93.2,2026-05-28,3,4,55
ea9bdd86-30a3-428e-8378-657edee59cbf,Pollera,Williams Manuel Canelon Gonzalez,235411,2026-07-13T15:26:41.66499+00:00,15dabc7e-6ee6-415d-b84d-6f95e52d7d81,30,7.7,140,Y02,2026-08-14,95.1,La Ceiba,19,2026-07-15,0.3,133.2,2026-05-21,3,4,55
25c60eee-d69f-4d8d-acbf-e24d232566b8,Parcela 170,Luigi Donello Tognetti,212609,2026-07-13T15:26:41.66499+00:00,5ac33a1b-961b-427d-8986-4334faaaf6c6,30,29.65,140,P08,2026-07-30,254.6,La Colina,30,2026-06-30,0.3,356.4,2026-05-06,0,3,55
d26a8175-7918-484f-afe4-bcfa19a83185,Parcela 171-172,Luigi Donello Tognetti,212609,2026-07-13T15:26:41.66499+00:00,5ac33a1b-961b-427d-8986-4334faaaf6c6,30,65.3,140,P08,2026-07-30,254.6,La Colina,30,2026-06-30,0.3,356.4,2026-05-06,0,3,55
4a9d0b47-8b81-4bac-bfee-5fca325aac50,El Porvenir,Jose Rolando Caldera Rondon,238350,2026-07-13T15:26:41.66499+00:00,4b5cb75c-ac11-471f-9e09-63814729b925,30,39.15,140,G11,2026-08-25,0,La Graciosa,8,2026-07-26,0.3,0,2026-06-01,9,9,55
20157979-7a4b-48d9-a7c6-f4a75e602c7f,La Palmita 1,Jose Rolando Caldera Rondon,238350,2026-07-13T15:26:41.66499+00:00,4b5cb75c-ac11-471f-9e09-63814729b925,30,15.23,140,G11,2026-08-14,0,La Graciosa,19,2026-07-15,0.3,0,2026-05-21,20,20,55
b140e14c-43ec-43f2-b852-fd22dcff80e9,La Palmita 2,Jose Rolando Caldera Rondon,238350,2026-07-13T15:26:41.66499+00:00,4b5cb75c-ac11-471f-9e09-63814729b925,30,29.51,140,G11,2026-08-15,0,La Graciosa,18,2026-07-16,0.3,0,2026-05-22,19,19,55
32201316-debd-4eaf-a3d6-98444a4900e2,Los Morochos,Jose Rolando Caldera Rondon,238350,2026-07-13T15:26:41.66499+00:00,4b5cb75c-ac11-471f-9e09-63814729b925,30,71.22,140,G11,2026-08-20,0,La Graciosa,13,2026-07-21,0.3,0,2026-05-27,14,14,55
be11b6b9-01c3-410c-95e0-9d11df353efc,Magallanes,Jose Rolando Caldera Rondon,238350,2026-07-13T15:26:41.66499+00:00,4b5cb75c-ac11-471f-9e09-63814729b925,30,35.39,140,G11,2026-08-31,0,La Graciosa,2,2026-08-01,0.3,0,2026-06-07,3,3,55
332a5b09-6066-4793-b8e7-cbfa23857372,Betsi,Jose Gregorio Sanchez Mendoza,235597,2026-07-13T15:26:41.66499+00:00,cc8ea43a-7bae-4a1e-97cf-08e7b79a8283,30,14.21,140,Y04,2026-08-30,32.3,La vaquera,3,2026-07-31,0.3,45.2,2026-06-06,3,3,55
8dd3e28d-2029-463e-8b79-8620b90e4ba9,Caro caro 1,Jose Gregorio Sanchez Mendoza,235597,2026-07-13T15:26:41.66499+00:00,cc8ea43a-7bae-4a1e-97cf-08e7b79a8283,30,11.86,140,Y04,2026-08-24,43.9,La vaquera,9,2026-07-25,0.3,61.4,2026-05-31,3,3,55
60a98156-36f8-4ff5-b423-c486a6febc05,Grande,Jose Gregorio Sanchez Mendoza,235597,2026-07-13T15:26:41.66499+00:00,cc8ea43a-7bae-4a1e-97cf-08e7b79a8283,30,11.2,140,Y04,2026-09-09,0,La vaquera,0,2026-08-10,0.3,0,2026-06-16,0,0,55
b9e2e7ea-6831-46ad-801b-9c8960afc0dd,La Entrada,Jose Gregorio Sanchez Mendoza,235597,2026-07-13T15:26:41.66499+00:00,cc8ea43a-7bae-4a1e-97cf-08e7b79a8283,30,2.44,140,Y04,2026-09-12,0,La vaquera,0,2026-08-13,0.3,0,2026-06-19,0,0,55
39434e2e-460f-4a9a-bde7-5fc68435994a,Las 3 ha,Jose Gregorio Sanchez Mendoza,235597,2026-07-13T15:26:41.66499+00:00,cc8ea43a-7bae-4a1e-97cf-08e7b79a8283,30,1.7,140,Y04,2026-09-13,0,La vaquera,0,2026-08-14,0.3,0,2026-06-20,0,0,55
d214f04d-8808-4eda-9f30-acbf4fcb274f,Las Torres,Jose Gregorio Sanchez Mendoza,235597,2026-07-13T15:26:41.66499+00:00,cc8ea43a-7bae-4a1e-97cf-08e7b79a8283,30,12.82,140,Y04,2026-08-22,48,La vaquera,11,2026-07-23,0.3,67.2,2026-05-29,3,3,55
9dcf22c2-05bc-4245-8208-debe4a2d6105,Los Aguacates,Jose Gregorio Sanchez Mendoza,235597,2026-07-13T15:26:41.66499+00:00,cc8ea43a-7bae-4a1e-97cf-08e7b79a8283,30,2.77,140,Y04,2026-08-29,33.6,La vaquera,4,2026-07-30,0.3,47,2026-06-05,3,3,55
58930a46-28d1-4153-a425-5041d3e0694d,Lote 1,Jose Gregorio Sanchez Mendoza,235597,2026-07-13T15:26:41.66499+00:00,cc8ea43a-7bae-4a1e-97cf-08e7b79a8283,30,24.47,140,Y04,2026-09-07,0,La vaquera,0,2026-08-08,0.3,0,2026-06-14,0,0,55
40497e37-11a5-40c2-bd1f-00ad544d6607,Lucas,Jose Gregorio Sanchez Mendoza,235597,2026-07-13T15:26:41.66499+00:00,cc8ea43a-7bae-4a1e-97cf-08e7b79a8283,30,8.85,140,Y04,2026-08-28,37.4,La vaquera,5,2026-07-29,0.3,52.4,2026-06-04,3,3,55
9c3b9f56-6143-4420-a685-fbee350cc01f,Neco,Jose Gregorio Sanchez Mendoza,235597,2026-07-13T15:26:41.66499+00:00,cc8ea43a-7bae-4a1e-97cf-08e7b79a8283,30,6.1,140,Y04,2026-09-03,0,La vaquera,0,2026-08-04,0.3,0,2026-06-10,0,0,55
a1e2db0a-7600-488e-8dc1-856cff5cb84d,Willi,Jose Gregorio Sanchez Mendoza,235597,2026-07-13T15:26:41.66499+00:00,cc8ea43a-7bae-4a1e-97cf-08e7b79a8283,30,5.46,140,Y04,2026-09-03,0,La vaquera,0,2026-08-04,0.3,0,2026-06-10,0,0,55
21354b7b-4e5e-4d94-a76d-303882311642,L01 LOTE 1A,Angela Rosa Guedez Morales,212695,2026-07-13T15:26:41.66499+00:00,cadf7db4-b301-4aa3-b273-5f748418f2af,30,26.53,140,P10,2026-07-18,183.6,Las Cupulas,30,2026-06-18,0.3,257,2026-04-24,0,2,55
a9ba524c-81d9-404f-8d5f-067aa10988f6,L02 LOTE 1B,Angela Rosa Guedez Morales,212695,2026-07-13T15:26:41.66499+00:00,cadf7db4-b301-4aa3-b273-5f748418f2af,30,33.3,140,P10,2026-07-17,161.9,Las Cupulas,30,2026-06-17,0.3,226.6,2026-04-23,1,2,55
ffbf2b7b-cfb6-4a97-a959-b31cc0a04dd7,L06 LOTE-04,Angela Rosa Guedez Morales,212695,2026-07-13T15:26:41.66499+00:00,cadf7db4-b301-4aa3-b273-5f748418f2af,30,26.31,140,P10,2026-07-15,161.7,Las Cupulas,30,2026-06-15,0.3,226.4,2026-04-21,2,2,55
8982bf78-f197-4170-9026-e58f752a51ee,L07 LOTE-05,Angela Rosa Guedez Morales,212695,2026-07-13T15:26:41.66499+00:00,cadf7db4-b301-4aa3-b273-5f748418f2af,30,14.56,140,P10,2026-07-25,191.1,Las Cupulas,30,2026-06-25,0.3,267.6,2026-05-01,2,2,55
46a27a1e-dff3-4415-bdc0-fbfb18d94d22,L08 LOTE-06,Angela Rosa Guedez Morales,212695,2026-07-13T15:26:41.66499+00:00,cadf7db4-b301-4aa3-b273-5f748418f2af,30,9.19,140,P10,2026-07-16,162.7,Las Cupulas,30,2026-06-16,0.3,227.8,2026-04-22,0,2,55
22b7966f-1f56-4d15-bfdc-3dfa6dbbc8bb,L09 LOTE-07,Angela Rosa Guedez Morales,212695,2026-07-13T15:26:41.66499+00:00,cadf7db4-b301-4aa3-b273-5f748418f2af,30,7.89,140,P10,2026-07-15,161.7,Las Cupulas,30,2026-06-15,0.3,226.4,2026-04-21,2,2,55
24bd0cbb-0814-4774-bb5a-6e9c2f9fc955,L10 LOTE-08,Angela Rosa Guedez Morales,212695,2026-07-13T15:26:41.66499+00:00,cadf7db4-b301-4aa3-b273-5f748418f2af,30,17.74,140,P10,2026-07-19,179.4,Las Cupulas,30,2026-06-19,0.3,251.2,2026-04-25,0,2,55
f8302450-521e-4ecf-bcf9-80849b89390f,L11 LOTE-09,Angela Rosa Guedez Morales,212695,2026-07-13T15:26:41.66499+00:00,cadf7db4-b301-4aa3-b273-5f748418f2af,30,32.09,140,P10,2026-07-16,162.7,Las Cupulas,30,2026-06-16,0.3,227.8,2026-04-22,0,2,55
d3084104-dc18-4db9-bed3-34856f70877a,Villa Marina 2,Angela Rosa Guedez Morales,212695,2026-07-13T15:26:41.66499+00:00,cadf7db4-b301-4aa3-b273-5f748418f2af,30,16,140,P10,2026-07-24,198.4,Las Cupulas,30,2026-06-24,0.3,277.8,2026-04-30,1,2,55
19fb02c0-9102-4a92-832e-68cc39dad695,Villa Marina 3,Angela Rosa Guedez Morales,212695,2026-07-13T15:26:41.66499+00:00,cadf7db4-b301-4aa3-b273-5f748418f2af,30,13.98,140,P10,2026-08-15,112.6,Las Cupulas,18,2026-07-16,0.3,157.6,2026-05-22,4,4,55
41c9f08f-79c8-43e3-a36f-4391e3f3bd62,El Galpón,Luis Alberto Rojas Pieretti,186669,2026-07-13T15:26:41.66499+00:00,7529713f-df3e-478b-8388-057af7a47ef1,30,123,140,G02,2026-08-23,28.1,Los Espinitos,10,2026-07-24,0.3,39.34,2026-05-30,3,3,55
fa74d088-e208-4b65-9f03-d3469b9e19b8,El Muerto,Luis Alberto Rojas Pieretti,186669,2026-07-13T15:26:41.66499+00:00,7529713f-df3e-478b-8388-057af7a47ef1,30,32.81,140,G02,2026-08-26,16.9,Los Espinitos,7,2026-07-27,0.3,23.63,2026-06-02,3,3,55
d0ca6fc1-2dda-4c51-ace9-6e7b37d1cc04,Agua Viva,Richard Jose Apostol Nuñez,238060,2026-07-13T15:26:41.66499+00:00,0100793b-735f-4f31-9259-78155d4b698b,30,10.07,140,Y06,2026-09-03,0,Acentamiento campesino El rodeo,0,2026-08-04,0.3,0,2026-06-10,0,0,55
04c3a825-6653-4fa9-a1e3-3eba110cb9e7,El Galpón,Richard Jose Apostol Nuñez,238060,2026-07-13T15:26:41.66499+00:00,0100793b-735f-4f31-9259-78155d4b698b,30,3.4,140,Y06,2026-08-25,43,Acentamiento campesino El rodeo,8,2026-07-26,0.3,60.2,2026-06-01,2,3,55
1e0c953d-1d97-4f25-aded-cbb504372949,El Jobo,Richard Jose Apostol Nuñez,238060,2026-07-13T15:26:41.66499+00:00,0100793b-735f-4f31-9259-78155d4b698b,30,7.02,140,Y06,2026-08-25,43,Acentamiento campesino El rodeo,8,2026-07-26,0.3,60.2,2026-06-01,2,3,55
c694a685-5690-4081-ba89-4f4babbf7bec,La Galindera 1,Richard Jose Apostol Nuñez,238060,2026-07-13T15:26:41.66499+00:00,0100793b-735f-4f31-9259-78155d4b698b,30,10.37,140,Y06,2026-08-30,22.4,Acentamiento campesino El rodeo,3,2026-07-31,0.3,31.4,2026-06-06,2,2,55
7826e623-d598-4bdc-a007-1e059b10aab7,La Galindera 2,Richard Jose Apostol Nuñez,238060,2026-07-13T15:26:41.66499+00:00,0100793b-735f-4f31-9259-78155d4b698b,30,12.57,140,Y06,2026-08-30,22.4,Acentamiento campesino El rodeo,3,2026-07-31,0.3,31.4,2026-06-06,2,2,55
2a3b32fa-662b-4f06-86f5-36ac43b96d33,La Galindera 3,Richard Jose Apostol Nuñez,238060,2026-07-13T15:26:41.66499+00:00,0100793b-735f-4f31-9259-78155d4b698b,30,9.43,140,Y06,2026-09-02,0,Acentamiento campesino El rodeo,0,2026-08-03,0.3,0,2026-06-09,1,1,55
d18cdedd-1533-4bb7-9970-a90dcd631787,La Galindera 4,Richard Jose Apostol Nuñez,238060,2026-07-13T15:26:41.66499+00:00,0100793b-735f-4f31-9259-78155d4b698b,30,13.18,140,Y06,2026-08-28,39.4,Acentamiento campesino El rodeo,5,2026-07-29,0.3,55.2,2026-06-04,2,2,55
802ed6c6-d11b-42a7-8c10-f02df070cd3d,Las Carmelitas 1,Richard Jose Apostol Nuñez,238060,2026-07-13T15:26:41.66499+00:00,0100793b-735f-4f31-9259-78155d4b698b,30,28.82,140,Y06,2026-08-21,71,Acentamiento campesino El rodeo,12,2026-07-22,0.3,99.4,2026-05-28,2,3,55
7fcc70cf-2db8-40d6-9469-3f6416527f13,Las Carmelitas 2,Richard Jose Apostol Nuñez,238060,2026-07-13T15:26:41.66499+00:00,0100793b-735f-4f31-9259-78155d4b698b,30,14.7,140,Y06,2026-08-22,71,Acentamiento campesino El rodeo,11,2026-07-23,0.3,99.4,2026-05-29,2,3,55
49e4abc9-6ccd-4584-89cf-e9aa5ec963f3,Las Carmelitas 3,Richard Jose Apostol Nuñez,238060,2026-07-13T15:26:41.66499+00:00,0100793b-735f-4f31-9259-78155d4b698b,30,7.55,140,Y06,2026-08-24,59.4,Acentamiento campesino El rodeo,9,2026-07-25,0.3,83.2,2026-05-31,2,3,55
647f85f2-795a-41e3-83d1-d8524482c807,Los Generales,Richard Jose Apostol Nuñez,238060,2026-07-13T15:26:41.66499+00:00,0100793b-735f-4f31-9259-78155d4b698b,30,17.81,140,Y06,2026-09-05,0,Acentamiento campesino El rodeo,0,2026-08-06,0.3,0,2026-06-12,0,0,55
ac26d637-1354-4f4e-bc5f-213f47e00755,La Laguna,Dennis Leonardo Alibardi Maschio,212609,2026-07-13T15:26:41.66499+00:00,6950141d-640a-47f7-981b-7e047b5c2502,30,62.56,140,P08,2026-08-23,64.4,Agropecuaria Alma,10,2026-07-24,0.3,90.2,2026-05-30,3,3,55
8543a640-bab6-490e-95e5-d51977616414,La Mora,Dennis Leonardo Alibardi Maschio,212609,2026-07-13T15:26:41.66499+00:00,6950141d-640a-47f7-981b-7e047b5c2502,30,43.54,140,P08,2026-08-22,80.3,Agropecuaria Alma,11,2026-07-23,0.3,112.4,2026-05-29,3,3,55
6dd3c518-edab-4522-aa03-9e0f94bbbfe1,LAS 35,Dennis Leonardo Alibardi Maschio,212609,2026-07-13T15:26:41.66499+00:00,6950141d-640a-47f7-981b-7e047b5c2502,30,33.08,140,P08,2026-07-22,229.1,Agropecuaria Alma,30,2026-06-22,0.3,320.8,2026-04-28,2,3,55
61f84380-ee6e-4215-be7f-4dcf2999f3e2,LOTE-01,Dennis Leonardo Alibardi Maschio,212609,2026-07-13T15:26:41.66499+00:00,6950141d-640a-47f7-981b-7e047b5c2502,30,29.84,140,P08,2026-07-25,233.3,Agropecuaria Alma,30,2026-06-25,0.3,326.6,2026-05-01,2,3,55
88a4cd40-a342-4261-a568-02d2da16730e,LOTE-02,Dennis Leonardo Alibardi Maschio,212609,2026-07-13T15:26:41.66499+00:00,6950141d-640a-47f7-981b-7e047b5c2502,30,20.48,140,P08,2026-07-25,233.3,Agropecuaria Alma,30,2026-06-25,0.3,326.6,2026-05-01,2,3,55
50d591bf-7d43-4cf1-8d33-45f5b4cbc9f4,LOTE-03,Dennis Leonardo Alibardi Maschio,212609,2026-07-13T15:26:41.66499+00:00,6950141d-640a-47f7-981b-7e047b5c2502,30,19.9,140,P08,2026-07-24,236.4,Agropecuaria Alma,30,2026-06-24,0.3,331,2026-04-30,1,3,55
43e91c42-7bb0-4c8b-b5af-a1adf3e96410,LOTE-04,Dennis Leonardo Alibardi Maschio,212609,2026-07-13T15:26:41.66499+00:00,6950141d-640a-47f7-981b-7e047b5c2502,30,15.83,140,P08,2026-07-24,236.4,Agropecuaria Alma,30,2026-06-24,0.3,331,2026-04-30,1,3,55
4f1bf8d9-082f-4d7d-83a6-d20796e2925d,Dugarte 1,Elisa Bustamante,236176,2026-07-13T15:26:41.66499+00:00,4d8f0268-961d-4d03-b75a-a944385d9c46,30,22.31,140,P19,2026-09-12,0,Agropecuaria Dos Caminos,0,2026-08-13,0.3,0,2026-06-19,0,0,55
7b61a69f-69e5-4f88-8447-1a414c3b0fc2,Dugarte 2,Elisa Bustamante,236176,2026-07-13T15:26:41.66499+00:00,4d8f0268-961d-4d03-b75a-a944385d9c46,30,19.05,140,P19,2026-09-09,0,Agropecuaria Dos Caminos,0,2026-08-10,0.3,0,2026-06-16,0,0,55
c4ec995d-fbf4-4f15-8f34-63724d7a16fa,Villa Marina 1,Angela Rosa Guedez Morales,212695,2026-07-21T22:33:41.259348+00:00,cadf7db4-b301-4aa3-b273-5f748418f2af,30,15.63,140,P10,2026-07-23,198.4,Las Cupulas,30,2026-06-23,0.3,277.8,2026-04-29,0,2,55
48b044df-eedb-4c67-87d1-97804decfdef,julio 1,Juan Vicente Risso,,2026-07-21T22:33:41.259348+00:00,3cee0691-8a38-4379-b3f2-ee96d57d8a57,30,56.41,140,,2026-08-30,,Juan Hilario,,2026-07-31,0.3,,2026-06-06,0,0,55
7acc3ec9-eeef-47a0-881e-36a8353eb302,Julio 2,Juan Vicente Risso,,2026-07-21T22:33:41.259348+00:00,3cee0691-8a38-4379-b3f2-ee96d57d8a57,30,24.75,140,,2026-08-30,,Juan Hilario,,2026-07-31,0.3,,2026-06-06,0,0,55
ef8fb276-16c8-47ab-b122-1798c47f2660,L01 LOTE DETRÁS DE LA CASA,Luis Alberto Rojas Pieretti,186669,2026-07-13T15:26:41.66499+00:00,7529713f-df3e-478b-8388-057af7a47ef1,30,12.71,140,G02,2026-08-24,28.1,Los Espinitos,9,2026-07-25,0.3,39.34,2026-05-31,3,3,55
21739ad5-631b-472d-b168-d22372b1c1bc,L02 LOTE LOS MANGOS,Luis Alberto Rojas Pieretti,186669,2026-07-13T15:26:41.66499+00:00,7529713f-df3e-478b-8388-057af7a47ef1,30,27.1,140,G02,2026-08-12,55.5,Los Espinitos,21,2026-07-13,0.3,77.67,2026-05-19,3,4,55
fff64211-9182-4b93-8cfd-714037e78315,L04 LOTE EL DRAGAL 1,Luis Alberto Rojas Pieretti,186669,2026-07-13T15:26:41.66499+00:00,7529713f-df3e-478b-8388-057af7a47ef1,30,63.92,140,G02,2026-08-15,52.4,Los Espinitos,18,2026-07-16,0.3,73.36,2026-05-22,3,4,55
a4f14b29-f9f4-486c-8202-ae7f5d35cae1,L05 LOTE EL DRAGAL 4,Luis Alberto Rojas Pieretti,186669,2026-07-13T15:26:41.66499+00:00,7529713f-df3e-478b-8388-057af7a47ef1,30,35.49,140,G02,2026-08-20,28.1,Los Espinitos,13,2026-07-21,0.3,39.34,2026-05-27,3,4,55
436c3d94-d3bf-4c44-bd90-ac53e625d0f3,L06 LOTE EL MANGO B,Luis Alberto Rojas Pieretti,186669,2026-07-13T15:26:41.66499+00:00,7529713f-df3e-478b-8388-057af7a47ef1,30,37.05,140,G02,2026-08-13,54,Los Espinitos,20,2026-07-14,0.3,75.65,2026-05-20,3,4,55
9b5d4495-8402-453a-b937-5b2ea11f0d08,Bernaldino 1+2,Yaro El Chaer,238570,2026-07-13T15:26:41.66499+00:00,b9aec7c4-1470-4f61-bd0a-c0e88dbbc5f4,30,7.1,140,Y07,2026-09-17,0,Los Galo,0,2026-08-18,0.3,0,2026-06-24,0,0,55
b9dce86b-7791-49fd-938f-f2f60c240621,Bernaldino 3,Yaro El Chaer,238570,2026-07-13T15:26:41.66499+00:00,b9aec7c4-1470-4f61-bd0a-c0e88dbbc5f4,30,11.32,140,Y07,2026-08-17,68.3,Los Galo,16,2026-07-18,0.3,95.6,2026-05-24,3,3,55
88bf6daa-e00f-4c66-b034-6962315377db,El Grande 1,Yaro El Chaer,238570,2026-07-13T15:26:41.66499+00:00,b9aec7c4-1470-4f61-bd0a-c0e88dbbc5f4,30,24.49,140,Y07,2026-08-14,68.3,Los Galo,19,2026-07-15,0.3,95.6,2026-05-21,3,3,55
af76ad46-bc27-4f6f-a81c-a9e64230245d,El Grande 2,Yaro El Chaer,238570,2026-07-13T15:26:41.66499+00:00,b9aec7c4-1470-4f61-bd0a-c0e88dbbc5f4,30,17.87,140,Y07,2026-08-15,68.3,Los Galo,18,2026-07-16,0.3,95.6,2026-05-22,3,3,55
5761d0ff-61b1-45de-b4ab-24a1ec89bd4d,El Mamón,Yaro El Chaer,238570,2026-07-13T15:26:41.66499+00:00,b9aec7c4-1470-4f61-bd0a-c0e88dbbc5f4,30,37.99,140,Y07,2026-09-18,0,Los Galo,0,2026-08-19,0.3,0,2026-06-25,0,0,55
62c59f2f-0277-4f65-bbce-b4c9eb443417,El Samán,Yaro El Chaer,238570,2026-07-13T15:26:41.66499+00:00,b9aec7c4-1470-4f61-bd0a-c0e88dbbc5f4,30,24.89,140,Y07,2026-08-20,58.3,Los Galo,13,2026-07-21,0.3,81.6,2026-05-27,3,3,55
0af30eaf-3848-4a2b-b3f1-a229206ffc25,La Autopista,Yaro El Chaer,238570,2026-07-13T15:26:41.66499+00:00,b9aec7c4-1470-4f61-bd0a-c0e88dbbc5f4,30,8.02,140,Y07,2026-08-21,58.1,Los Galo,12,2026-07-22,0.3,81.4,2026-05-28,3,3,55
31d09810-1abe-4f2e-8893-aeea6b7d205a,Casa Nueva,Jose Gregorio Balza Fajardo,213617,2026-07-13T15:26:41.66499+00:00,92a16a00-1e29-48af-9648-9332f0beb3c1,30,81.1,140,G06,2026-08-13,56.6,Los Nivillos Mahomar,20,2026-07-14,0.3,79.2,2026-05-20,3,3,55
52e348b0-4918-4158-a5d7-3472e0b0854d,L01 LOTE CIRUELA ABAJO,Jose Gregorio Balza Fajardo,213617,2026-07-13T15:26:41.66499+00:00,92a16a00-1e29-48af-9648-9332f0beb3c1,30,17.19,140,G06,2026-08-15,53.4,Los Nivillos Mahomar,18,2026-07-16,0.3,74.8,2026-05-22,3,3,55
6c7f9251-0153-4ab2-9c81-5077ced0d92e,L02 LOTE CIRUELA ARRIBA,Jose Gregorio Balza Fajardo,213617,2026-07-13T15:26:41.66499+00:00,92a16a00-1e29-48af-9648-9332f0beb3c1,30,21.09,140,G06,2026-08-14,53.6,Los Nivillos Mahomar,19,2026-07-15,0.3,75,2026-05-21,3,3,55
2b2b02bd-aef4-4d63-982d-42e24d54ccf0,Arnaldo,Victor Ramon Oropeza Ortiz,237976,2026-07-13T15:26:41.66499+00:00,180c8c59-0815-4742-bea3-b79c68285ece,30,11.66,140,Y05,2026-08-14,113.4,Mayurupi,19,2026-07-15,0.3,158.8,2026-05-21,3,3,55
c7cf8cdc-95de-441b-926c-2410117fb265,El Manguito,Victor Ramon Oropeza Ortiz,237976,2026-07-13T15:26:41.66499+00:00,180c8c59-0815-4742-bea3-b79c68285ece,30,22.61,140,Y05,2026-08-19,91,Mayurupi,14,2026-07-20,0.3,127.4,2026-05-26,3,3,55
8acf1792-df92-41a3-8060-0a3dfe16e28a,La Casita,Victor Ramon Oropeza Ortiz,237976,2026-07-13T15:26:41.66499+00:00,180c8c59-0815-4742-bea3-b79c68285ece,30,17.18,140,Y05,2026-08-23,54.4,Mayurupi,10,2026-07-24,0.3,76.2,2026-05-30,3,3,55
1a0b7e34-2e7b-4ee9-832b-7a2cd8d76e7d,La Mora,Victor Ramon Oropeza Ortiz,237976,2026-07-13T15:26:41.66499+00:00,180c8c59-0815-4742-bea3-b79c68285ece,30,15.27,140,Y05,2026-08-26,28.1,Mayurupi,7,2026-07-27,0.3,39.4,2026-06-02,3,3,55
aa1742cf-036c-41be-8631-02a6168a5363,Las 15,Victor Ramon Oropeza Ortiz,237976,2026-07-13T15:26:41.66499+00:00,180c8c59-0815-4742-bea3-b79c68285ece,30,14.54,140,Y05,2026-08-13,114.6,Mayurupi,20,2026-07-14,0.3,160.4,2026-05-20,3,3,55
30ad530e-c1a9-4984-9844-58f7139826cf,Las 17,Victor Ramon Oropeza Ortiz,237976,2026-07-13T15:26:41.66499+00:00,180c8c59-0815-4742-bea3-b79c68285ece,30,17.11,140,Y05,2026-08-13,114.6,Mayurupi,20,2026-07-14,0.3,160.4,2026-05-20,3,3,55
d5f248c5-c04e-48a3-a179-85415b1f188c,Las 29,Victor Ramon Oropeza Ortiz,237976,2026-07-13T15:26:41.66499+00:00,180c8c59-0815-4742-bea3-b79c68285ece,30,27.19,140,Y05,2026-08-15,112.1,Mayurupi,18,2026-07-16,0.3,157,2026-05-22,3,3,55
c1b5faa9-4a63-41f4-a7d8-a3b22ce96e9d,Las Lagunas,Victor Ramon Oropeza Ortiz,237976,2026-07-13T15:26:41.66499+00:00,180c8c59-0815-4742-bea3-b79c68285ece,30,9.01,140,Y05,2026-08-21,69.3,Mayurupi,12,2026-07-22,0.3,97,2026-05-28,3,3,55
c7f3004f-6112-4fa3-9c5d-fbbd0dc80174,Los Robles,Victor Ramon Oropeza Ortiz,237976,2026-07-13T15:26:41.66499+00:00,180c8c59-0815-4742-bea3-b79c68285ece,30,30.29,140,Y05,2026-08-20,69.6,Mayurupi,13,2026-07-21,0.3,97.4,2026-05-27,3,3,55
890bea72-8a7e-45f7-a085-3467d37061d4,Samán,Victor Ramon Oropeza Ortiz,237976,2026-07-13T15:26:41.66499+00:00,180c8c59-0815-4742-bea3-b79c68285ece,30,51.7,140,Y05,2026-08-24,52.7,Mayurupi,9,2026-07-25,0.3,73.8,2026-05-31,3,3,55
6bf28240-2a25-48d7-9ca7-26b755502f09,Parcela 212,Lorena Johana Orlando Testi,,2026-07-13T15:26:41.66499+00:00,6a7a1d75-dc42-4a84-8f2b-19b66cc414d3,30,20.82,140,,2026-07-29,,Parcela 246,,2026-06-29,0.3,,2026-05-05,0,0,55
ea96d140-5bfa-4d8f-a854-8a4e4758eaa0,Parcela 246,Lorena Johana Orlando Testi,,2026-07-13T15:26:41.66499+00:00,6a7a1d75-dc42-4a84-8f2b-19b66cc414d3,30,32.78,140,,2026-07-24,,Parcela 246,,2026-06-24,0.3,,2026-04-30,0,0,55
712b7d50-5779-4c51-8dc0-18a4da53df5e,L04 LOTE 7A,Sebastian Armando Bonet Plaza,212516,2026-07-13T15:26:41.66499+00:00,63e7bd07-3c95-4992-83ad-ac639bec979d,30,20.22,140,P06,2026-08-23,41.1,San Antonio,10,2026-07-24,0.3,57.6,2026-05-30,1,1,55
47bbce29-2afc-4207-84f3-fe3414fb1253,L05 LOTE 7B,Sebastian Armando Bonet Plaza,212516,2026-07-13T15:26:41.66499+00:00,63e7bd07-3c95-4992-83ad-ac639bec979d,30,29.71,140,P06,2026-08-23,41.1,San Antonio,10,2026-07-24,0.3,57.6,2026-05-30,1,1,55
b0ed6fbc-abb3-4cd6-b013-0b789a12a22a,L06 LOTE 7C,Sebastian Armando Bonet Plaza,212516,2026-07-13T15:26:41.66499+00:00,63e7bd07-3c95-4992-83ad-ac639bec979d,30,29.72,140,P06,2026-08-23,41.1,San Antonio,10,2026-07-24,0.3,57.6,2026-05-30,1,1,55
e672ab6a-c8a5-43ff-9776-80f87b779fce,L07 LOTE-08,Sebastian Armando Bonet Plaza,212516,2026-07-13T15:26:41.66499+00:00,63e7bd07-3c95-4992-83ad-ac639bec979d,30,69.85,140,P06,2026-08-21,49.3,San Antonio,12,2026-07-22,0.3,69,2026-05-28,1,1,55
227fc949-f570-4301-9b0e-f976857c35a4,La Unión,Jose Rolando Caldera Arvelaiz,238339,2026-07-13T15:26:41.66499+00:00,67838075-1124-41ea-b06c-5730fe84842f,30,91.9,140,G10,2026-08-21,29,San Pedro,12,2026-07-22,0.3,40.6,2026-05-28,4,4,55
2ee2d7da-5f06-483e-bf03-77350defcfd0,Laguna Grande,Jose Rolando Caldera Arvelaiz,238339,2026-07-13T15:26:41.66499+00:00,67838075-1124-41ea-b06c-5730fe84842f,30,35.33,140,G10,2026-09-03,0,San Pedro,0,2026-08-04,0.3,0,2026-06-10,0,0,55
3038661b-9d83-428f-9775-7df45290ef9d,Los Muertos,Jose Rolando Caldera Arvelaiz,238339,2026-07-13T15:26:41.66499+00:00,67838075-1124-41ea-b06c-5730fe84842f,30,77.35,140,G10,2026-08-14,56.3,San Pedro,19,2026-07-15,0.3,78.8,2026-05-21,4,4,55
31034093-3088-41a9-9948-bbb427097e9e,Portón Azul,Jose Rolando Caldera Arvelaiz,238339,2026-07-13T15:26:41.66499+00:00,67838075-1124-41ea-b06c-5730fe84842f,30,24.51,140,G10,2026-08-22,28.1,San Pedro,11,2026-07-23,0.3,39.4,2026-05-29,4,4,55
9ecbb6b7-df6e-41fa-82f1-33c41c1ce385,L01 LOTE EL TANQUE-A,Oscar Luis Murillo Zerpa,185450,2026-07-13T15:26:41.66499+00:00,715c7ef2-2748-4f8b-8586-1b5c3d385727,30,17.36,140,G01,2026-08-22,32.9,San Ramon,11,2026-07-23,0.3,46,2026-05-29,3,3,55
39be1485-960a-4125-9713-2e2bd8d33f7b,L02 LOTE EL TANQUE-B,Oscar Luis Murillo Zerpa,185450,2026-07-13T15:26:41.66499+00:00,715c7ef2-2748-4f8b-8586-1b5c3d385727,30,29.27,140,G01,2026-08-22,32.9,San Ramon,11,2026-07-23,0.3,46,2026-05-29,3,3,55
ace057d6-8a5d-4546-8bc4-2ed4f62abe2d,L03 LOTE IGUANITAS,Oscar Luis Murillo Zerpa,185450,2026-07-13T15:26:41.66499+00:00,715c7ef2-2748-4f8b-8586-1b5c3d385727,30,37.58,140,G01,2026-08-13,46.9,San Ramon,20,2026-07-14,0.3,65.6,2026-05-20,3,3,55
bb56be08-8160-45dd-83e5-218a67e81667,L04 LOS BECERROS,Oscar Luis Murillo Zerpa,185450,2026-07-13T15:26:41.66499+00:00,715c7ef2-2748-4f8b-8586-1b5c3d385727,30,24.63,140,G01,2026-08-16,44.7,San Ramon,17,2026-07-17,0.3,62.6,2026-05-23,3,3,55
faf0be94-659e-4daa-84d8-ee6f885a7d00,La Victoria 1,Henry Jose Cordones Linarez,,2026-07-13T15:26:41.66499+00:00,5a9b8249-8e06-42bd-b062-9b49cd3b64a7,30,7.44,140,P20,2026-07-29,,Santa Barbara,,2026-06-29,0.3,,2026-05-05,0,0,55
1103e049-e324-423a-8e71-672ffdd945bf,La Victoria 2,Henry Jose Cordones Linarez,,2026-07-13T15:26:41.66499+00:00,5a9b8249-8e06-42bd-b062-9b49cd3b64a7,30,6.87,140,P20,2026-07-29,,Santa Barbara,,2026-06-29,0.3,,2026-05-05,0,0,55
0d20a4b1-19d2-4fe1-a737-91ab00057888,La Victoria 3,Henry Jose Cordones Linarez,,2026-07-13T15:26:41.66499+00:00,5a9b8249-8e06-42bd-b062-9b49cd3b64a7,30,19.08,140,P20,2026-07-28,,Santa Barbara,,2026-06-28,0.3,,2026-05-04,0,0,55
dec08db8-4f38-4fbe-b300-b57b9b475a46,La Victoria 4,Henry Jose Cordones Linarez,,2026-07-13T15:26:41.66499+00:00,5a9b8249-8e06-42bd-b062-9b49cd3b64a7,30,7.75,140,P20,2026-08-07,,Santa Barbara,,2026-07-08,0.3,,2026-05-14,0,0,55
33b65c11-1af9-48b7-a091-a2bcbd90a283,Santa Barbara 1,Henry Jose Cordones Linarez,,2026-07-13T15:26:41.66499+00:00,5a9b8249-8e06-42bd-b062-9b49cd3b64a7,30,20.26,140,P20,2026-08-01,,Santa Barbara,,2026-07-02,0.3,,2026-05-08,0,0,55
29c131eb-54d5-4bc2-8fe1-a08c5bbf3caf,Santa Barbara 2,Henry Jose Cordones Linarez,,2026-07-13T15:26:41.66499+00:00,5a9b8249-8e06-42bd-b062-9b49cd3b64a7,30,15.1,140,P20,2026-08-01,,Santa Barbara,,2026-07-02,0.3,,2026-05-08,0,0,55
87ab0cdc-b271-45ec-b6ca-2fa8eec7e97c,Santa Barbara 3,Henry Jose Cordones Linarez,,2026-07-13T15:26:41.66499+00:00,5a9b8249-8e06-42bd-b062-9b49cd3b64a7,30,10.6,140,P20,2026-08-02,,Santa Barbara,,2026-07-03,0.3,,2026-05-09,0,0,55
636e6781-bf99-4d9d-b330-d0e5afaa63f0,L01 ARENERO 1 LOTE-02,Milko Pagliarella Di Berardin,184921,2026-07-13T15:26:41.66499+00:00,72a75845-cb8e-410a-a02f-b440bc00c0a3,30,20.29,140,P01,2026-08-22,123.7,Santa Elena,11,2026-07-23,0.3,173.2,2026-05-29,3,3,55
f4157ba3-dde7-4f06-af33-b6b5be35d752,L03 RIO 2 LOTE-03,Milko Pagliarella Di Berardin,184921,2026-07-13T15:26:41.66499+00:00,72a75845-cb8e-410a-a02f-b440bc00c0a3,30,23.48,140,P01,2026-08-22,123.7,Santa Elena,11,2026-07-23,0.3,173.2,2026-05-29,3,3,55
497b62b2-4883-4b3e-9ca6-965561518187,L04 LOTE RIO 1 LOTE-04,Milko Pagliarella Di Berardin,184921,2026-07-13T15:26:41.66499+00:00,72a75845-cb8e-410a-a02f-b440bc00c0a3,30,26.74,140,P01,2026-08-21,123.7,Santa Elena,12,2026-07-22,0.3,173.2,2026-05-28,3,3,55
be68c78e-8331-4291-af6d-e25f2a82ea22,L05 LOTE ARENERO 2 LOTE-01,Milko Pagliarella Di Berardin,184921,2026-07-13T15:26:41.66499+00:00,72a75845-cb8e-410a-a02f-b440bc00c0a3,30,22.6,140,P01,2026-08-23,109,Santa Elena,10,2026-07-24,0.3,152.6,2026-05-30,3,3,55
